,Name,Team,Comp,avg_goal,w_percentage,l_percentage,Min_sd,Gls_sd,Ast_sd,PK_sd,PKatt_sd,Sh_sd,SoT_sd,CrdY_sd,CrdR_sd,Fls_sd,Fld_sd,Off_sd,Crs_sd,TklW_sd,Int_sd,OG_sd,Min_n,Gls_n,Ast_n,PK_n,PKatt_n,CrdY_n,CrdR_n,Sh_n,SoT_n,Fls_n,Fld_n,Off_n,Crs_n,Int_n,TklW_n,OG_n,competition,position,min_norm,group_min
1,Danovis Banguero,Nacional,1,0.316,0.368,0.211,18.455,0.223,0.223,0.223,0.223,0.678,0.365,0.408,0.0,1.3,0.666,0.488,1.25,1.216,1.182,0.0,1.37,2.25,1.8,9.0,9.0,2.0,3.0,1.125,0.0,1.62,1.62,3.857,3.203,2.189,1.604,0.0,9,D,0.963,1
2,Jonathan Marulanda,Nacional,1,0.733,0.533,0.2,13.437,0.0,0.249,0.0,0.0,0.573,0.249,0.442,0.0,1.011,0.712,0.0,0.966,0.884,1.327,0.0,1.571,0.0,1.8,0.0,0.0,1.0,1.0,1.5,0.0,1.71,1.62,0.0,2.288,1.338,1.604,0.0,9,D,0.557,2
3,Felipe Aguilar,Nacional,0,0.444,0.5,0.278,37.06,0.0,0.0,0.0,0.0,0.373,0.229,0.229,0.0,0.745,0.471,0.229,0.0,0.448,1.202,0.229,0.379,0.0,0.0,1e-05,1e-05,0.326,0.435,0.37,0.0,0.25,0.275,0.0,0.0,0.213,0.693,5.0,10,D,0.281,3
4,Yeison Guzmán,Nacional,1,-0.342,0.211,0.368,14.359,0.483,0.45,0.223,0.223,1.697,0.916,0.307,0.16,0.699,1.569,0.338,2.35,0.567,0.75,0.0,1.927,3.947,6.0,3.75,3.75,3.642,4.426,1.184,5.0,0.824,3.312,0.556,7.3,0.952,1.353,0.0,15,AM,0.252,3
5,Jefferson Duque,Nacional,1,0.364,0.485,0.303,28.168,0.477,0.287,0.171,0.171,1.743,0.919,0.458,0.171,1.403,1.094,0.386,0.591,0.494,0.386,0.0,1.583,2.5,2.571,0.0,0.0,1.683,1.962,1.0,0.0,1.159,0.892,0.517,0.323,0.857,1.5,1e-05,6,A,0.813,1
6,Fabián González Lasso,Nacional,1,0.182,0.455,0.303,30.073,0.458,0.239,0.0,0.0,1.627,0.919,0.326,0.0,1.273,1.258,0.627,0.326,0.445,0.171,0.0,1.742,0.706,2.667,1e-05,1e-05,1.398,1.306,2.667,1e-05,2.304,1.582,1.0,0.8,2.333,1.333,1e-05,4,A,0.65,3
7,Deiner Quiñónez,Nacional,1,0.04,0.36,0.36,26.84,0.196,0.367,0.0,0.0,1.412,0.625,0.367,0.0,0.742,1.442,0.0,0.665,0.625,0.325,0.0,1.148,0.95,2.036,0.0,0.0,1.618,1.613,0.983,0.0,0.497,1.536,0.0,0.429,0.788,0.308,0.0,19,M,0.616,3
8,Estefano Arango,Nacional,1,-0.062,0.25,0.281,27.656,0.363,0.174,0.0,0.0,1.346,0.704,0.331,0.0,0.909,1.709,0.441,1.581,0.464,0.775,0.0,1.317,2.679,1.364,0.0,0.0,1.77,2.667,0.811,0.0,0.782,1.394,1.293,1.889,0.421,1.115,1e-05,15,AM,0.502,3
9,Geisson Perea,Nacional,1,0.3,0.4,0.25,4.628,0.327,0.154,0.0,0.0,0.736,0.396,0.496,0.0,1.137,0.729,0.327,0.154,0.862,1.431,0.0,2.214,5.455,1.5,0.0,0.0,1.324,1.565,3.913,1e-05,2.226,2.26,5.143,0.052,1.706,2.206,1e-05,12,D,0.466,4
10,Gustavo Torres,Nacional,1,-0.7,0.15,0.45,29.218,0.0,0.3,0.0,0.0,1.249,0.458,0.357,0.0,1.03,0.805,0.622,2.242,0.927,0.433,0.0,0.32,0.647,1.158,0.0,0.0,0.57,0.863,0.0,0.0,0.348,0.092,0.31,0.167,0.0,0.126,1e-05,22,AM,0.268,4
11,Brayan Rovira,Nacional,1,0.077,0.462,0.359,11.037,0.334,0.303,0.0,0.0,1.171,0.53,0.384,0.0,1.148,0.961,0.158,0.552,0.911,1.535,0.0,2.552,2.167,2.261,0.0,0.0,2.03,1.521,1.82,0.0,2.717,1.815,0.0,0.369,3.079,4.817,0.0,13,M,0.79,1
12,Hernán Barcos,Nacional,0,0.35,0.525,0.275,24.408,0.51,0.156,0.263,0.3,1.005,0.648,0.357,0.0,1.072,0.487,0.494,0.441,0.678,0.436,0.0,0.973,0.429,1.2,0.0,1.2,0.773,1.019,0.5,1e-05,0.779,0.403,0.45,0.419,1.167,0.828,1e-05,6,A,0.75,1
13,Sebastián Gómez,Nacional,1,-0.605,0.079,0.579,5.323,0.45,0.16,0.223,0.223,1.076,0.575,0.388,0.0,1.413,1.107,0.16,0.408,1.063,1.249,0.0,2.441,5.056,0.867,8.667,8.667,1.893,2.012,1.784,0.0,1.898,1.74,0.542,0.45,2.965,3.836,1e-05,13,M,0.601,1
14,Jarlan Barrera,Nacional,1,0.306,0.408,0.306,26.331,0.414,0.444,0.0,0.194,1.779,1.071,0.411,0.139,1.125,1.39,0.456,2.719,0.637,0.668,0.0,1.691,2.233,2.581,0.0,0.0,3.394,3.474,2.56,0.0,1.418,2.298,2.75,4.478,1.478,1.698,1e-05,16,AM,0.47,2
15,Daniel Muñoz,Nacional,1,-0.278,0.315,0.37,9.455,0.26,0.345,0.0,0.0,0.863,0.521,0.436,0.134,1.461,1.329,0.345,1.218,1.351,1.962,0.0,1.839,4.714,2.75,1e-05,1e-05,1.701,2.129,2.146,0.0,2.391,2.734,3.0,2.573,3.083,2.179,0.0,11,D,0.436,2
16,Baldomero Perlaza,Nacional,1,0.242,0.288,0.288,26.171,0.235,0.169,0.0,0.0,0.803,0.393,0.365,0.12,1.322,1.139,0.169,0.304,1.252,1.232,0.0,2.202,0.727,0.842,1e-05,1e-05,1.449,1.185,0.914,4.0,2.076,1.66,0.0,0.099,2.636,2.798,1e-05,16,M,0.344,2
17,Vladimir Hernández,Nacional,0,0.095,0.381,0.333,28.404,0.213,0.0,0.0,0.0,1.039,0.499,0.213,0.0,0.663,1.815,0.213,1.32,0.393,0.642,0.0,0.519,0.667,0.0,1e-05,1e-05,0.721,0.81,0.286,0.0,0.321,0.86,0.41,0.537,0.185,0.287,0.0,16,M,0.705,2
18,Deiver Machado,Nacional,1,0.41,0.385,0.333,21.402,0.218,0.374,0.0,0.0,0.865,0.4,0.4,0.0,1.701,1.883,0.263,1.871,1.1,1.388,0.0,1.134,3.0,3.857,1e-05,1e-05,1.034,2.16,0.562,0.0,1.276,2.346,1.588,1.586,1.066,1.025,0.0,9,D,0.526,3
19,Reinaldo Lenis,Nacional,0,-0.417,0.292,0.458,24.365,0.276,0.439,0.0,0.0,0.898,0.498,0.373,0.0,1.213,0.943,0.276,1.579,1.0,0.702,0.0,0.618,0.837,2.077,0.0,0.0,0.553,0.629,0.931,0.0,0.612,0.934,0.277,0.707,0.837,0.549,1e-05,17,AM,0.304,4
20,Omar Duarte,Nacional,1,-0.128,0.319,0.404,24.534,0.624,0.141,0.141,0.198,1.155,0.786,0.303,0.141,1.326,1.44,0.633,1.512,0.998,0.732,0.0,1.453,2.0,0.882,0.0,2.5,1.75,1.95,1.176,0.0,1.917,1.464,2.5,1.54,1.927,1.021,1e-05,15,AM,0.276,4
21,Juan Pablo Ramírez,Nacional,1,-0.263,0.263,0.526,29.849,0.307,0.307,0.0,0.0,1.346,0.741,0.494,0.0,1.216,1.35,0.44,1.873,0.44,0.567,0.0,0.519,0.0,1.308,0.0,0.0,0.91,0.425,0.911,0.0,0.669,0.863,0.0,0.559,0.322,0.228,0.0,17,M,0.0,4
22,Carlos Rivas,Nacional,0,-0.767,0.233,0.467,28.624,0.373,0.249,0.0,0.0,1.648,0.706,0.3,0.0,1.224,1.269,1.025,2.773,0.605,0.847,0.0,1.204,0.968,0.75,1e-05,0.0,1.744,1.2,1.385,0.0,1.529,1.049,1.826,2.548,0.717,1.418,1e-05,6,A,0.0,4
23,Daniel Giraldo,Millonarios,1,0.46,0.44,0.22,8.467,0.325,0.14,0.0,0.0,1.109,0.668,0.52,0.14,1.302,1.238,0.361,0.755,0.865,0.811,0.0,2.001,2.444,0.647,0.0,0.0,1.532,1.93,1.333,0.0,2.078,1.515,1.1,0.328,2.268,1.932,1e-05,11,M,0.433,3
24,Harrison Mojica,Millonarios,1,-0.4,0.2,0.467,6.465,0.499,0.4,0.0,0.0,1.147,0.718,0.442,0.0,0.611,1.526,0.499,2.294,0.442,0.4,0.0,1.522,1.692,3.3,1e-05,1e-05,2.366,1.692,1.128,1e-05,0.596,1.634,0.815,4.45,0.458,0.355,0.0,11,M,0.345,3
25,Andrés Murillo,Millonarios,1,0.476,0.476,0.238,13.357,0.0,0.294,0.0,0.0,0.563,0.0,0.294,0.0,0.639,0.794,0.213,0.393,1.019,1.191,0.0,1.317,0.0,4.667,1e-05,1e-05,0.913,0.0,0.5,0.0,0.721,1.25,2.333,0.202,1.615,1.697,1e-05,7,D,0.253,3
26,Juan Pablo Vargas,Millonarios,1,0.143,0.381,0.381,27.579,0.0,0.0,0.0,0.0,0.642,0.426,0.547,0.213,1.327,0.653,0.213,0.294,1.777,1.39,0.0,0.843,0.0,0.0,0.0,0.0,0.787,0.783,0.9,3.0,0.843,0.61,1.125,0.083,1.099,1.094,0.0,9,D,1.0,1
27,Elvis Perlaza,Millonarios,1,0.3,0.367,0.267,14.066,0.296,0.335,0.0,0.0,0.666,0.447,0.532,0.177,1.423,1.502,0.0,3.034,1.298,1.062,0.0,1.828,4.125,5.5,1e-05,1e-05,2.047,1.897,1.964,11.0,2.101,3.066,0.0,6.417,1.944,1.078,0.0,11,D,0.961,1
28,Juan Carlos Pereira,Millonarios,1,-0.463,0.268,0.463,28.437,0.327,0.26,0.154,0.154,1.593,0.552,0.26,0.0,1.081,0.834,0.537,1.034,1.143,1.228,0.0,1.642,3.25,2.438,13.0,13.0,1.955,1.88,0.534,0.0,1.233,0.826,1.936,0.87,1.934,2.217,1e-05,13,M,0.62,2
29,Ricardo Márquez,Millonarios,1,-0.412,0.265,0.471,18.764,0.674,0.235,0.322,0.322,2.082,1.187,0.468,0.169,1.337,1.679,1.313,0.559,0.543,0.452,0.0,1.744,3.056,1.0,5.0,5.0,2.37,2.652,1.719,2.5,1.731,1.51,3.5,0.288,0.87,1.0,1e-05,5,A,0.344,4
30,Felipe Jaramillo,Millonarios,1,-0.611,0.083,0.583,16.391,0.0,0.164,0.0,0.0,1.08,0.448,0.487,0.0,1.343,1.09,0.164,0.346,1.064,1.586,0.0,2.087,0.0,0.867,0.0,0.0,1.793,1.548,3.569,0.0,2.657,1.535,0.542,0.281,3.421,3.552,1e-05,13,M,0.984,1
31,Luis Payares,Millonarios,1,0.812,0.625,0.188,18.746,0.235,0.235,0.0,0.0,0.847,0.429,0.354,0.0,1.234,1.19,0.284,0.235,1.182,1.567,0.0,1.252,1.6,2.0,1e-05,1e-05,1.552,1.778,0.727,0.0,1.204,1.203,2.4,0.078,0.972,1.103,1e-05,8,D,0.886,1
32,Hansel Zapata,Millonarios,1,0.143,0.375,0.304,29.418,0.424,0.424,0.0,0.0,1.339,0.819,0.307,0.131,0.93,1.244,0.614,3.064,0.679,0.365,0.0,1.297,3.25,4.789,0.0,0.0,1.768,1.5,0.83,4.333,0.483,0.966,3.421,3.323,0.622,0.37,1e-05,13,M,0.491,2
33,Deivy Balanta,Millonarios,1,0.105,0.316,0.263,23.625,0.0,0.0,0.0,0.0,0.477,0.0,0.218,0.0,1.043,0.669,0.0,0.218,0.698,1.497,0.218,0.878,0.0,0.0,1e-05,1e-05,0.559,0.0,0.0,0.0,0.545,0.652,0.0,0.067,0.529,1.366,11.0,11,D,0.289,3
34,José Luis Moreno Peña,Millonarios,1,-0.375,0.375,0.5,27.308,0.0,0.0,0.0,0.0,0.781,0.331,0.484,0.331,0.661,0.433,0.0,0.0,0.5,0.992,0.0,0.34,0.0,0.0,0.0,0.0,0.759,0.393,0.75,3.667,0.368,0.07,0.0,0.0,0.291,0.279,1e-05,11,D,0.117,4
35,César Carrillo,Millonarios,1,0.095,0.357,0.286,11.512,0.373,0.294,0.0,0.0,1.352,0.764,0.491,0.152,1.269,1.354,0.213,0.575,1.022,1.166,0.0,2.383,2.6,2.6,0.0,0.0,2.6,2.321,2.889,4.333,3.33,2.438,0.473,0.447,3.041,3.586,1e-05,13,M,0.58,2
36,Roberto Ovelar,Millonarios,1,0.465,0.488,0.279,25.034,0.419,0.208,0.149,0.208,1.963,0.95,0.343,0.0,1.268,1.79,0.657,0.783,0.748,0.538,0.0,2.242,1.939,0.889,0.0,2.667,2.326,1.859,2.0,1e-05,2.043,3.016,1.625,0.639,2.847,1.951,1e-05,8,A,0.457,2
37,Christian Marrugo,Millonarios,1,0.102,0.407,0.373,15.747,0.36,0.36,0.129,0.181,0.739,0.431,0.36,0.0,1.257,0.844,0.129,2.143,0.997,0.592,0.0,1.159,2.195,1.667,3.0,4.286,0.711,1.007,0.6,0.0,0.89,0.509,0.254,1.563,1.0,0.267,1e-05,15,M,0.307,3
38,Oscar Barreto,Millonarios,0,0.0,0.462,0.385,23.57,0.192,0.0,0.0,0.0,1.001,0.631,0.361,0.0,0.971,1.044,0.361,0.762,0.631,0.887,0.0,0.487,0.485,1.455,0.0,0.0,0.646,0.252,1.032,0.0,0.668,0.714,0.195,0.914,0.488,0.222,1e-05,16,AM,0.0,4
39,Santiago Montoya,Millonarios,1,0.133,0.4,0.333,26.158,0.4,0.3,0.0,0.0,1.726,0.718,0.373,0.18,1.155,1.309,0.249,3.268,0.663,0.476,0.0,1.282,3.103,1.731,0.0,0.0,2.361,2.188,1.091,3.0,1.261,2.179,0.789,2.845,0.593,0.352,1e-05,15,M,0.145,4
40,Jeison Angulo,Tolima,1,0.1,0.4,0.3,32.382,0.0,0.0,0.0,0.0,0.0,0.0,0.663,0.3,1.118,0.3,0.458,1.2,1.0,0.748,0.0,0.821,0.0,0.0,1e-05,1e-05,0.0,0.0,1.524,8.0,1.071,0.116,2.4,0.8,1.013,0.571,0.0,8,D,0.882,1
41,Harold Gómez,Tolima,1,0.172,0.379,0.207,31.288,0.0,0.246,0.0,0.0,0.904,0.296,0.296,0.0,0.99,0.698,0.0,3.307,1.184,1.059,0.177,0.843,0.0,1.133,0.0,0.0,0.371,0.205,0.773,0.0,1.004,0.497,0.0,2.535,1.288,1.532,17.0,17,DM,0.289,4
42,Yohandry Orozco,Tolima,1,0.833,0.5,0.167,25.48,0.0,0.0,0.0,0.0,0.5,0.471,0.0,0.0,0.373,0.471,0.0,2.749,0.5,0.373,0.0,0.393,0.0,0.0,0.0,0.0,0.627,0.386,0.0,0.0,0.061,0.132,0.0,0.903,0.34,0.149,1e-05,11,M,0.278,4
43,José Guillermo Ortiz,Tolima,1,-0.062,0.375,0.375,31.152,0.242,0.0,0.0,0.0,2.083,0.864,0.0,0.0,0.609,0.609,0.696,0.583,0.331,0.0,0.0,0.569,0.217,0.0,0.0,0.0,0.677,0.645,0.0,0.0,0.242,0.429,0.441,0.233,0.417,0.0,1e-05,5,A,0.201,4
44,Eduar Caicedo,Tolima,1,0.25,0.469,0.188,31.158,0.0,0.169,0.0,0.0,0.697,0.284,0.284,0.0,1.079,0.936,0.0,0.235,0.849,1.479,0.0,1.006,0.0,1.333,1e-05,1e-05,0.848,0.5,0.696,0.0,0.945,0.897,0.0,0.103,0.8,1.015,0.0,8,D,0.181,4
45,Daniel Moreno,Tolima,1,-0.062,0.375,0.375,29.08,0.0,0.242,0.0,0.0,0.768,0.331,0.331,0.0,1.031,0.992,0.331,2.128,0.791,0.433,0.0,0.418,0.0,0.0,1e-05,1e-05,0.395,0.231,0.0,0.0,0.296,0.688,0.48,0.85,0.242,0.145,0.0,12,M,0.0,4
46,Andrey Estupiñán,Tolima,1,0.256,0.372,0.302,14.521,0.366,0.208,0.208,0.208,1.808,0.908,0.492,0.0,1.579,2.427,0.979,1.184,1.278,0.722,0.0,3.039,3.636,2.286,6.857,6.857,4.824,5.007,4.042,0.0,4.922,5.912,8.229,2.372,3.649,1.714,1e-05,24,AM,0.74,1
47,Juan David Ríos,Tolima,1,0.023,0.318,0.273,3.111,0.0,0.149,0.0,0.0,1.031,0.343,0.456,0.149,1.418,1.873,0.0,1.069,1.138,0.814,0.0,2.492,0.0,1.625,0.0,0.0,1.625,1.099,1.4,4.333,2.522,2.683,0.0,1.048,3.733,2.289,1e-05,13,M,0.716,2
48,Luis Miranda,Tolima,1,-0.132,0.368,0.421,17.691,0.408,0.431,0.0,0.0,1.332,0.636,0.425,0.0,1.184,1.442,0.67,0.887,0.824,1.026,0.0,1.885,3.111,3.652,0.0,0.0,2.145,1.915,1.514,0.0,1.545,2.156,2.121,1.286,1.529,2.167,1e-05,14,AM,0.547,2
49,Jean Pestaña,Tolima,1,-0.667,0.095,0.429,28.784,0.0,0.0,0.0,0.0,0.547,0.294,0.547,0.213,1.468,0.811,0.0,0.213,1.082,0.849,0.0,1.24,0.0,0.0,1e-05,0.0,0.39,0.42,1.389,6.25,1.441,0.872,0.0,0.043,1.592,0.743,1e-05,25,DM,0.453,3
50,Anderson Angulo,Tolima,1,-0.625,0.125,0.5,24.546,0.331,0.0,0.0,0.0,1.0,0.331,0.433,0.0,0.696,0.484,0.331,0.0,0.696,0.866,0.0,0.375,2.75,0.0,1e-05,1e-05,0.537,0.611,0.31,0.0,0.169,0.128,0.786,0.0,0.257,0.292,1e-05,11,D,0.293,4
51,Alex Castro,Tolima,1,-0.355,0.323,0.548,16.679,0.296,0.395,0.0,0.0,1.121,0.542,0.418,0.177,0.954,1.176,0.438,3.198,0.974,0.698,0.0,2.148,1.8,4.286,0.0,0.0,1.951,2.115,1.667,3.75,1.517,1.751,3.0,3.099,1.865,0.902,0.0,15,M,0.987,1
52,Larry Vásquez,Tolima,1,0.0,0.286,0.214,30.684,0.0,0.0,0.0,0.0,1.0,0.41,0.479,0.0,1.178,0.821,0.0,0.558,1.118,0.86,0.0,0.751,0.0,0.0,0.0,0.0,0.743,0.509,1.324,0.0,1.109,0.367,0.0,0.144,1.899,1.088,0.0,18,M,0.943,1
53,José Moya,Tolima,1,0.194,0.306,0.278,26.736,0.276,0.229,0.0,0.0,0.896,0.346,0.48,0.0,1.265,0.787,0.419,0.441,1.518,1.235,0.0,0.971,3.333,1.667,1e-05,1e-05,0.889,1.0,1.304,0.0,1.053,0.759,3.077,0.256,1.51,0.921,1e-05,10,D,0.341,3
54,Yeison Gordillo,Tolima,1,0.565,0.435,0.217,23.881,0.0,0.2,0.0,0.0,0.968,0.408,0.496,0.0,2.034,1.118,0.0,0.559,1.755,1.505,0.0,2.23,0.0,0.842,1e-05,1e-05,1.26,0.79,3.886,0.0,3.746,1.793,0.0,0.329,3.678,4.377,1e-05,16,M,0.408,2
55,Leyvin Balanta,Tolima,1,0.364,0.455,0.455,31.823,0.0,0.204,0.0,0.0,0.547,0.204,0.282,0.204,1.072,0.773,0.204,1.433,0.85,1.521,0.0,0.846,0.0,1.667,1e-05,1e-05,0.556,0.0,0.217,1.429,1.1,0.633,0.769,1.41,0.885,0.794,1e-05,10,D,0.35,3
56,Diego Valdés Giraldo,Tolima,1,-0.6,0.257,0.514,4.295,0.645,0.398,0.167,0.167,1.265,0.967,0.377,0.0,1.578,1.413,1.055,0.769,0.962,0.731,0.0,2.715,4.5,2.667,2.0,2.0,3.281,4.0,2.571,0.0,3.2,2.659,4.0,2.073,2.52,1.846,1e-05,6,A,0.424,3
57,Juan Nieto,Tolima,1,0.421,0.447,0.211,22.615,0.223,0.431,0.0,0.0,1.208,0.639,0.307,0.0,0.811,1.352,0.27,2.321,1.224,0.785,0.0,1.371,0.559,4.75,0.0,0.0,1.291,1.508,0.322,0.0,0.95,1.553,0.463,2.194,1.727,0.466,1e-05,19,M,0.248,4
58,Maicol Balanta,Tolima,1,0.082,0.429,0.408,25.017,0.475,0.385,0.0,0.0,1.088,0.61,0.387,0.0,0.722,1.34,0.912,1.995,0.565,0.67,0.0,1.47,3.0,1.429,0.0,0.0,1.707,1.538,0.476,0.0,0.843,1.278,5.625,1.892,0.622,0.82,0.0,15,M,0.394,2
59,Rafael Robayo,Tolima,1,-0.238,0.19,0.333,0.213,0.213,0.0,0.0,0.0,0.898,0.393,0.213,0.213,0.971,0.732,0.0,0.95,1.592,1.651,0.0,1.154,0.765,0.0,0.0,0.0,0.876,0.684,0.277,3.25,0.807,0.47,0.0,0.173,1.634,1.579,1e-05,13,M,1.0,1
60,Carlos Robles Rocha,Tolima,1,-0.088,0.353,0.382,10.965,0.235,0.0,0.0,0.0,1.225,0.642,0.456,0.0,1.072,0.885,0.373,0.976,1.15,1.317,0.0,2.174,1.529,0.0,0.0,0.0,2.243,2.139,2.6,0.0,2.007,0.908,0.951,0.735,2.955,2.332,1e-05,13,M,0.945,1
61,Nilson Castrillón,Tolima,1,-0.545,0.273,0.455,22.725,0.0,0.0,0.0,0.0,0.386,0.287,0.782,0.386,0.643,1.311,0.0,1.92,0.9,1.772,0.0,0.26,0.0,0.0,0.0,0.0,0.376,0.643,0.0,0.0,0.264,0.287,0.489,0.692,0.633,0.04,0.0,23,DM,0.897,2
62,Robin Ramírez,Tolima,1,0.0,0.4,0.45,29.965,0.4,0.218,0.0,0.218,1.245,0.843,0.357,0.0,1.549,1.005,0.583,0.671,0.9,0.458,0.0,1.227,0.914,0.727,0.0,0.8,1.194,1.349,1.2,0.0,1.743,0.7,1.939,0.396,1.507,1.333,1e-05,8,A,0.235,4
63,Andrés Escobar,Tolima,0,-0.765,0.235,0.529,19.679,0.322,0.235,0.0,0.0,1.185,0.57,0.471,0.235,0.904,0.941,0.322,1.176,0.456,0.381,0.0,0.245,0.765,1.083,1e-05,0.0,0.686,0.677,0.464,1e-05,0.385,0.179,0.0,0.194,0.287,0.485,1e-05,13,M,0.137,4
64,Fabián Sambueza,Junior,1,0.708,0.542,0.167,21.677,0.433,0.538,0.2,0.276,1.136,0.707,0.331,0.2,1.434,1.67,0.2,3.223,0.789,0.763,0.0,1.785,3.056,4.529,3.667,5.5,1.741,1.93,1.0,0.0,1.406,3.754,1.1,3.571,1.361,1.784,1e-05,11,M,0.632,1
65,Juan David Rodríguez,Junior,1,0.167,0.389,0.167,11.654,0.0,0.488,0.0,0.0,1.163,0.678,0.482,0.0,0.976,1.124,0.365,1.723,0.67,0.752,0.0,1.71,0.0,3.667,1e-05,1e-05,1.533,2.34,2.2,0.0,1.571,1.261,1.65,1.167,1.571,0.907,1e-05,11,M,0.401,2
66,Homer Martínez,Junior,1,-0.4,0.3,0.4,9.855,0.0,0.0,0.0,0.0,0.872,0.536,0.433,0.0,1.284,1.005,0.357,0.477,1.284,1.717,0.0,1.8,0.0,0.0,1e-05,0.0,1.28,1.233,1.667,0.0,1.851,0.966,2.455,0.167,2.691,2.519,1e-05,18,DM,0.38,3
67,Walmer Pacheco,Junior,1,0.234,0.468,0.277,8.211,0.202,0.144,0.0,0.0,0.792,0.393,0.517,0.144,1.357,1.619,0.0,1.116,0.967,1.358,0.0,1.674,0.762,0.0,0.0,0.0,0.988,1.103,2.667,5.333,2.0,3.847,0.0,1.664,2.688,2.261,1e-05,16,DM,0.341,3
68,John Pajoy,Junior,1,0.35,0.5,0.25,14.084,0.536,0.51,0.218,0.218,1.643,0.98,0.3,0.0,0.98,1.09,0.572,2.897,0.477,0.357,0.0,1.372,2.609,3.0,3.0,1.714,2.182,2.71,0.8,0.0,0.939,1.395,2.4,4.13,0.867,0.493,1e-05,12,AM,0.232,4
69,Edwin Velasco,Junior,1,0.423,0.423,0.269,15.751,0.0,0.192,0.0,0.0,0.421,0.0,0.538,0.192,1.687,1.315,0.385,1.549,0.958,1.413,0.0,1.513,0.0,8.0,1e-05,1e-05,0.8,0.0,1.739,8.0,2.079,2.588,5.333,3.545,1.818,1.283,1e-05,8,D,0.186,4
70,Fabián Viáfara,Junior,1,0.261,0.37,0.283,9.635,0.144,0.244,0.0,0.0,1.062,0.482,0.334,0.0,1.213,0.747,0.144,2.117,1.031,1.22,0.0,2.572,1.091,4.5,0.0,0.0,3.476,3.13,1.304,1e-05,2.932,2.104,1.714,6.417,2.924,2.118,1e-05,12,D,0.947,1
71,Didier Moreno,Junior,1,0.087,0.348,0.348,24.569,0.282,0.204,0.0,0.0,0.651,0.379,0.5,0.0,1.409,1.285,0.48,0.0,1.176,1.176,0.0,1.321,1.9,0.679,0.0,0.0,0.719,0.717,1.966,0.0,1.823,1.009,2.621,0.0,2.189,2.157,0.0,19,M,0.519,2
72,Miguel Borja,Junior,0,1.0,0.5,0.071,28.947,0.41,0.35,0.0,0.0,1.592,0.811,0.258,0.0,0.884,0.799,0.452,0.589,0.623,0.258,0.0,0.347,0.25,0.75,1e-05,1e-05,0.44,0.387,0.6,1e-05,0.482,0.314,0.2,0.923,0.316,0.0,1e-05,3,A,0.642,2
73,Daniel Rosero,Junior,1,0.085,0.404,0.34,7.132,0.305,0.0,0.0,0.0,0.918,0.479,0.479,0.2,1.172,0.905,0.242,0.0,1.19,1.397,0.0,2.052,5.714,0.0,1e-05,1e-05,2.24,2.703,1.569,0.0,1.614,2.062,3.75,0.0,1.48,2.347,0.0,10,D,0.475,3
74,Sherman Cárdenas,Junior,1,-0.237,0.289,0.421,7.516,0.365,0.307,0.223,0.223,1.614,0.978,0.388,0.0,0.666,1.291,0.223,2.575,0.638,0.779,0.0,2.383,3.0,3.733,9.333,9.333,3.547,4.2,1.719,0.0,1.175,3.411,0.683,5.39,1.813,1.014,1e-05,14,M,0.433,3
75,Carmelo Valencia,Junior,1,-0.244,0.244,0.39,26.516,0.585,0.154,0.154,0.215,1.238,0.862,0.353,0.0,1.637,1.021,1.024,0.455,0.62,0.396,0.0,0.831,1.636,0.0,2.0,1.2,0.79,1.079,0.621,1e-05,1.062,0.531,1.333,0.158,0.594,0.37,1e-05,6,A,0.377,4
76,Fredy Hinestroza,Junior,1,-0.105,0.368,0.289,14.236,0.354,0.338,0.0,0.0,1.568,1.113,0.518,0.223,1.515,1.822,0.521,2.535,0.809,0.465,0.0,2.021,2.118,2.25,0.0,0.0,3.734,3.758,1.818,12.0,1.693,2.571,3.692,4.0,1.546,0.873,0.0,12,M,0.605,1
77,Michael Rangel,Junior,1,0.183,0.483,0.317,18.218,0.645,0.401,0.3,0.321,1.971,0.966,0.433,0.0,1.408,1.578,0.737,0.3,0.551,0.44,0.0,1.845,3.214,2.143,6.0,4.0,1.909,1.871,1.8,0.0,1.727,1.841,2.0,0.167,0.787,0.806,1e-05,6,A,0.409,2
78,Róger Torres,Junior,1,-0.026,0.385,0.436,27.748,0.266,0.303,0.221,0.221,1.136,0.66,0.426,0.158,0.833,1.106,0.0,3.708,0.514,0.492,0.0,1.49,1.8,2.857,10.0,10.0,1.89,2.692,1.19,3.75,1.138,1.325,0.0,3.428,0.933,0.738,0.0,15,M,0.17,3
79,Luis Carlos Ruiz,Junior,1,0.483,0.483,0.379,34.344,0.496,0.249,0.18,0.18,1.556,0.92,0.34,0.0,1.086,1.389,0.34,0.9,0.496,0.4,0.0,0.926,1.029,1.333,0.75,0.667,0.818,1.103,0.857,0.0,1.107,1.462,0.321,0.529,0.769,0.6,1e-05,6,A,0.348,3
80,Teófilo Gutiérrez,AD Cali,1,0.5,0.525,0.225,22.617,0.414,0.297,0.0,0.0,1.0,0.83,0.376,0.215,1.25,1.036,1.042,0.963,0.904,0.297,0.0,1.227,1.167,0.0,0.0,0.0,0.624,0.824,2.258,0.0,1.352,0.953,5.793,0.794,0.667,0.0,0.0,14,AM,0.351,2
81,Harold Preciado,AD Cali,0,0.1,0.4,0.4,14.412,0.433,0.3,0.218,0.218,1.314,0.6,0.218,0.0,1.166,1.396,0.477,1.117,0.669,0.433,0.0,1.456,0.75,2.0,0.8,0.8,1.636,1.744,0.0,0.0,1.351,1.299,0.0,1.116,1.4,2.0,1e-05,4,A,0.286,3
82,Gastón Rodríguez Maeso,AD Cali,0,-0.136,0.455,0.409,27.259,0.516,0.0,0.0,0.208,2.269,0.819,0.386,0.0,0.862,1.095,0.582,1.024,0.783,0.643,0.0,1.431,2.241,0.0,0.0,3.25,1.94,1.893,1.857,1e-05,1.01,1.156,3.095,0.532,1.474,1.169,1e-05,13,A,0.248,3
83,Yeison Tolosa,AD Cali,1,0.5,0.5,0.0,13.952,0.0,0.0,0.0,0.0,0.471,0.0,0.0,0.0,0.471,0.471,0.0,0.0,0.0,0.0,0.0,0.63,0.0,0.625,0.0,0.0,0.198,0.217,0.417,0.0,0.432,0.707,0.441,0.362,0.179,0.469,1e-05,5,A,0.239,3
84,Jhon Vasquez,AD Cali,1,-0.075,0.3,0.325,18.215,0.608,0.156,0.399,0.421,1.939,1.03,0.458,0.218,1.216,2.174,0.773,2.799,0.4,0.3,0.0,1.865,5.357,1.364,11.25,9.0,3.792,3.167,1.824,5.0,1.6,3.364,4.138,3.523,0.561,0.405,1e-05,15,AM,0.752,1
85,Juan Daniel Roa,AD Cali,1,-0.071,0.25,0.357,30.511,0.0,0.258,0.0,0.0,0.824,0.258,0.488,0.186,1.145,1.18,0.0,1.839,1.348,1.771,0.0,1.377,0.0,2.24,0.0,0.0,0.966,0.491,2.333,0.0,1.826,1.92,0.0,1.674,2.756,1.6,0.0,28,DM,0.439,3
86,Jhojan Valencia,AD Cali,1,-0.447,0.289,0.447,23.216,0.223,0.0,0.0,0.0,1.104,0.518,0.499,0.0,1.517,0.887,0.0,0.223,1.524,1.39,0.16,1.729,1.3,0.0,0.0,0.0,1.682,1.566,2.849,0.0,3.03,1.113,0.0,0.056,2.74,2.816,1e-05,13,M,0.375,3
87,Carlos Lizarazo,AD Cali,1,0.182,0.364,0.545,30.121,0.287,0.0,0.287,0.287,2.275,0.782,0.0,0.0,1.164,0.656,0.862,1.164,0.656,0.481,0.0,0.338,0.467,0.0,2.0,1.556,0.828,0.718,0.0,0.0,0.386,0.225,0.824,0.358,0.318,0.316,1e-05,14,M,0.315,4
88,Jhon Mosquera,AD Cali,1,0.24,0.48,0.36,30.267,0.192,0.319,0.0,0.0,1.141,0.617,0.192,0.0,1.317,1.55,0.361,2.746,0.901,1.063,0.0,1.381,0.0,3.107,0.0,0.0,1.758,2.297,0.0,0.0,1.415,2.379,3.625,4.392,1.136,1.149,1e-05,29,DM,0.697,1
89,Ezequiel Palomeque,AD Cali,1,0.6,0.533,0.333,26.185,0.0,0.249,0.0,0.0,1.143,0.4,0.596,0.249,1.36,0.573,0.249,0.249,1.275,2.059,0.0,0.958,0.0,1.036,0.0,0.0,0.639,0.574,1.543,9.667,1.111,0.257,0.906,0.056,1.136,1.696,1e-05,29,DM,0.629,1
90,Juan Camilo Angulo,AD Cali,1,-0.123,0.351,0.368,6.66,0.281,0.305,0.0,0.0,0.912,0.578,0.492,0.13,1.174,1.133,0.357,2.771,0.984,1.432,0.13,1.573,1.333,2.667,1e-05,1e-05,3.01,4.0,1.674,2.0,1.818,2.837,2.133,5.424,1.569,1.72,8.0,8,D,0.515,2
91,Macnelly Torres,AD Cali,1,0.53,0.53,0.288,20.065,0.32,0.352,0.0,0.0,1.178,0.602,0.337,0.0,1.072,1.173,0.168,2.878,0.826,0.878,0.0,1.81,0.836,2.156,0.0,0.0,1.372,0.994,1.89,0.0,1.181,1.569,0.333,4.212,1.61,1.523,1e-05,23,AM,0.25,3
92,Leonardo Pico,Santa Fe,1,0.263,0.368,0.158,22.978,0.0,0.0,0.0,0.0,0.458,0.218,0.357,0.0,1.043,1.054,0.0,0.3,0.843,1.41,0.0,1.284,0.0,0.0,1e-05,1e-05,0.237,0.0,0.8,0.0,1.259,0.688,0.0,0.0,1.212,3.904,0.0,12,M,0.669,1
93,Johan Caballero,Santa Fe,1,-0.333,0.286,0.381,22.476,0.386,0.343,0.0,0.0,1.328,0.924,0.386,0.0,1.125,1.073,0.343,1.527,0.962,0.967,0.0,1.575,3.294,4.2,0.0,0.0,1.611,2.53,1.6,0.0,1.734,2.224,1.0,1.574,1.792,1.662,1e-05,14,AM,0.335,3
94,Neyder Moreno,Santa Fe,1,0.091,0.273,0.364,32.277,0.466,0.287,0.343,0.343,1.427,0.819,0.0,0.208,0.762,1.23,0.287,1.868,0.555,0.783,0.0,0.984,3.947,3.0,11.25,11.25,2.168,1.967,0.0,0.0,0.577,1.429,1.111,2.5,0.714,1.015,0.0,15,AM,0.149,4
95,Jeison Palacios,Santa Fe,1,-0.045,0.318,0.318,6.784,0.0,0.0,0.0,0.0,0.555,0.0,0.419,0.0,1.11,1.248,0.358,0.149,1.151,1.572,0.0,1.706,0.0,0.0,1e-05,1e-05,1.424,0.0,1.436,0.0,1.988,2.006,1.615,0.041,2.287,2.038,1e-05,7,D,0.842,1
96,Dairon Mosquera,Santa Fe,1,0.385,0.385,0.154,27.107,0.0,0.0,0.0,0.0,0.41,0.35,0.452,0.0,0.99,0.86,0.0,1.052,0.939,1.552,0.0,0.679,0.0,0.0,1e-05,1e-05,0.256,0.379,0.589,0.0,0.536,0.601,0.0,0.708,0.833,0.706,0.0,11,D,0.615,2
97,Kelvin Osorio,Santa Fe,1,-0.216,0.324,0.324,22.016,0.412,0.226,0.226,0.226,1.6,0.683,0.392,0.0,1.044,1.57,0.0,1.424,0.843,0.963,0.0,2.154,5.455,1.765,15.0,15.0,2.586,2.5,2.561,0.0,1.433,2.285,0.0,1.314,1.951,2.945,1e-05,15,M,0.565,2
98,Jonathan Herrera,Santa Fe,1,0.667,0.667,0.111,23.084,0.0,0.314,0.0,0.0,0.667,0.0,0.416,0.0,0.816,1.1,0.314,2.283,0.956,0.471,0.0,0.247,0.0,1.727,0.0,0.0,0.166,0.0,0.373,0.0,0.216,0.319,0.463,0.91,0.218,0.142,1e-05,19,DM,0.402,3
99,Mauricio Gómez Sánchez,Santa Fe,1,-0.29,0.258,0.387,27.905,0.331,0.415,0.174,0.174,0.788,0.514,0.363,0.0,0.866,0.857,0.384,1.521,0.5,0.749,0.0,1.456,2.0,3.176,3.6,3.6,1.087,1.694,1.304,0.0,1.088,0.725,0.9,2.068,0.754,1.36,1e-05,18,M,0.295,3
100,Patricio Cucchi,Santa Fe,1,0.429,0.357,0.143,26.003,0.41,0.0,0.0,0.0,1.493,0.61,0.41,0.0,0.479,0.479,0.627,0.824,0.35,0.258,0.0,0.351,0.444,0.0,0.0,0.0,0.32,0.309,0.9,1e-05,0.231,0.106,0.667,0.127,0.211,0.167,1e-05,6,A,0.285,4
101,Fainer Torijano,Santa Fe,1,0.12,0.44,0.32,21.207,0.0,0.0,0.0,0.0,0.457,0.189,0.516,0.262,0.999,0.687,0.0,0.0,0.886,1.562,0.0,0.847,0.0,0.0,1e-05,1e-05,0.478,0.0,0.727,4.0,0.459,0.602,0.0,0.0,0.619,1.003,1e-05,8,D,1.0,1
102,Andrés Pérez,Santa Fe,1,0.459,0.514,0.405,26.884,0.16,0.0,0.0,0.0,0.425,0.223,0.482,0.0,1.742,0.785,0.16,0.307,1.669,1.534,0.0,1.578,0.75,0.0,1e-05,1e-05,0.317,0.217,2.381,0.0,2.812,0.475,0.306,0.124,3.023,2.773,1e-05,15,M,0.623,1
103,Jhon Velásquez,Santa Fe,1,-0.214,0.357,0.286,27.949,0.249,0.249,0.0,0.0,1.289,0.596,0.442,0.0,1.062,0.833,0.34,1.376,0.806,0.718,0.0,0.504,0.613,0.905,0.0,0.0,0.758,0.725,1.018,0.0,0.792,0.537,0.543,0.798,0.541,0.704,1e-05,19,AM,0.636,1
104,Federico Arbeláez,Santa Fe,1,-0.372,0.372,0.395,23.302,0.151,0.211,0.0,0.0,0.422,0.321,0.347,0.211,1.49,1.296,0.211,2.032,1.184,1.09,0.0,1.706,0.92,2.091,0.0,0.0,0.5,0.611,1.322,4.6,2.371,1.882,0.46,3.566,2.952,1.87,0.0,23,DM,0.374,2
105,Tomás Maya,Santa Fe,1,-0.909,0.091,0.636,27.715,0.0,0.208,0.0,0.0,0.343,0.0,0.386,0.0,1.0,0.5,0.287,2.449,1.23,1.293,0.0,0.24,0.0,0.0,1e-05,1e-05,0.0,0.0,0.317,0.0,0.127,0.084,0.0,0.0,0.148,0.132,1e-05,13,D,0.089,4
106,Arley Rodríguez,Santa Fe,1,0.5,0.577,0.269,36.041,0.416,0.0,0.189,0.189,0.739,0.457,0.388,0.0,1.458,1.297,0.448,1.048,0.314,0.314,0.0,0.648,2.091,0.0,2.875,2.556,0.331,0.568,0.945,0.0,0.821,0.92,0.333,0.426,0.153,0.152,1e-05,23,AM,0.368,3
107,Luis Manuel Seijas,Santa Fe,0,-0.818,0.273,0.636,12.359,0.0,0.282,0.0,0.0,1.251,0.412,0.0,0.204,1.072,1.076,0.204,2.701,0.651,1.137,0.0,0.875,0.0,1.444,0.0,0.0,1.0,0.637,0.0,0.0,0.897,1.112,0.394,2.541,0.598,0.672,1e-05,13,M,0.323,3
108,Armando Vargas,Santa Fe,1,-0.625,0.188,0.562,24.529,0.0,0.0,0.0,0.0,0.95,0.39,0.433,0.0,0.935,1.09,0.39,3.206,0.609,0.682,0.0,0.231,0.0,0.0,0.0,0.0,0.197,0.156,0.273,0.0,0.09,0.214,0.789,0.603,0.119,0.0,1e-05,15,M,0.279,4
109,Brayan Fernández,Santa Fe,1,-0.655,0.207,0.586,23.611,0.378,0.0,0.0,0.0,1.488,0.856,0.485,0.0,1.501,1.094,0.72,0.676,0.725,0.649,0.0,1.219,2.576,0.0,0.0,0.0,1.78,1.406,1.722,0.0,1.52,0.913,3.477,0.447,0.493,0.333,1e-05,17,AM,0.219,4
110,Jorge Aguirre,Santa Fe,1,0.2,0.533,0.4,30.225,0.0,0.249,0.0,0.0,1.062,0.573,0.0,0.0,0.998,0.712,0.499,1.5,1.327,0.611,0.0,0.488,0.0,0.0,0.0,0.0,0.331,0.327,0.0,1e-05,0.612,0.321,0.493,0.479,0.811,0.469,1e-05,18,AM,0.148,4
111,Daniel Mantilla,La Equidad,1,-0.522,0.174,0.478,16.7,0.204,0.337,0.0,0.0,1.096,0.714,0.379,0.0,0.806,1.76,0.282,1.142,0.507,0.46,0.0,1.865,1.3,4.333,0.0,0.0,1.795,2.364,1.677,0.0,1.938,3.25,0.684,1.201,0.765,0.835,1e-05,13,AM,0.981,1
112,Diego Herazo,La Equidad,1,-0.458,0.25,0.417,23.007,0.49,0.196,0.367,0.367,1.699,0.88,0.367,0.0,1.209,0.977,1.129,0.546,0.271,0.325,0.0,1.671,3.077,0.625,5.0,5.0,2.262,1.63,1.667,0.0,1.728,1.212,3.824,0.58,0.357,0.469,1e-05,5,A,0.0,4
113,Larry Angulo,La Equidad,1,0.0,0.343,0.457,17.616,0.493,0.393,0.0,0.0,1.362,0.826,0.585,0.229,1.35,1.032,0.276,0.546,1.104,1.43,0.0,1.264,0.762,0.0,0.0,0.0,1.158,1.315,4.114,8.0,2.182,0.612,0.0,0.108,1.495,2.233,0.0,16,M,0.308,3
114,Ederson Moreno,La Equidad,1,0.033,0.333,0.233,27.996,0.249,0.0,0.0,0.0,1.193,0.458,0.373,0.0,1.345,0.912,0.18,0.823,0.892,0.716,0.0,0.853,1.429,0.0,0.0,0.0,0.844,1.111,1.154,0.0,1.592,1.181,0.556,0.338,1.2,1.0,1e-05,10,M,0.272,2
115,Carlos Mario Arboleda,La Equidad,1,0.532,0.447,0.17,7.043,0.0,0.279,0.0,0.0,0.447,0.144,0.411,0.144,1.021,1.36,0.476,1.873,0.806,1.465,0.0,1.628,0.0,3.0,1e-05,1e-05,1.14,0.538,0.56,1e-05,1.388,2.944,4.667,2.288,1.658,1.695,1e-05,7,D,0.263,3
116,Carlos Mario Rodríguez,La Equidad,1,0.125,0.425,0.375,31.586,0.331,0.218,0.0,0.0,1.687,0.972,0.218,0.0,0.859,1.603,0.399,1.311,0.572,0.38,0.0,0.957,1.0,0.812,0.0,0.0,1.519,1.978,0.224,0.0,0.579,1.61,0.0,1.202,0.444,0.286,1e-05,13,M,0.307,3
117,Alex Rambal,La Equidad,1,0.455,0.545,0.182,29.774,0.287,0.0,0.0,0.0,0.698,0.359,0.521,0.171,1.108,0.477,0.171,0.0,0.888,1.632,0.0,1.335,3.0,0.0,0.0,0.0,1.37,1.667,1.525,2.5,1.286,0.305,0.0,0.0,1.405,2.091,1e-05,10,D,0.228,4
118,Brayhan Torres,La Equidad,1,0.0,0.286,0.429,14.36,0.0,0.0,0.0,0.0,0.7,0.0,0.35,0.0,1.03,0.7,0.0,1.641,0.0,0.7,0.0,0.314,0.0,0.0,0.0,0.0,0.083,0.0,1.043,1e-05,0.597,0.39,0.0,0.0,0.122,0.176,1e-05,12,D,0.161,4
119,Danilo Arboleda,La Equidad,1,-0.25,0.312,0.406,12.203,0.291,0.0,0.0,0.0,0.545,0.291,0.291,0.0,0.926,0.701,0.174,0.242,1.096,1.637,0.0,1.852,3.0,0.0,0.0,0.0,1.459,1.0,0.771,1e-05,1.264,1.083,1.125,0.054,2.338,1.982,1e-05,9,D,0.771,1
120,Cristian Palomeque,La Equidad,1,-0.588,0.235,0.471,30.829,0.322,0.0,0.0,0.0,1.678,1.262,0.513,0.235,0.9,0.9,0.381,3.104,0.478,0.6,0.0,0.852,1.2,0.0,0.0,0.0,1.402,2.5,0.714,3.75,0.801,0.71,1.125,1.344,0.466,0.574,0.0,15,M,0.316,3
121,Matías Mier,La Equidad,1,0.412,0.441,0.324,26.923,0.28,0.167,0.0,0.0,1.298,0.59,0.377,0.0,0.943,0.769,0.167,1.54,0.483,0.622,0.0,0.379,0.909,0.0,0.0,0.0,0.736,0.992,0.769,1e-05,0.547,0.36,0.357,0.638,0.234,0.503,1e-05,15,M,0.346,3
122,Mariano Vázquez,La Equidad,1,0.389,0.5,0.333,20.785,0.0,0.223,0.0,0.0,0.939,0.307,0.365,0.0,1.071,1.293,0.0,0.788,1.039,0.365,0.0,0.302,0.0,0.778,0.0,0.0,0.372,0.0,0.618,0.0,0.252,0.676,0.0,0.185,0.717,0.072,1e-05,21,M,0.244,4
123,Juan Guillermo Arboleda,Independiente,1,0.15,0.4,0.35,19.476,0.0,0.0,0.0,0.0,0.357,0.0,0.433,0.0,1.108,0.477,0.3,2.681,1.023,0.973,0.0,1.154,0.0,0.0,1e-05,1e-05,0.533,0.0,1.538,0.0,1.794,0.571,2.667,3.623,1.676,1.248,0.0,8,D,0.94,1
124,Germán Andrés Gutiérrez,Independiente,1,-0.429,0.286,0.429,6.249,0.208,0.0,0.0,0.0,0.962,0.287,0.419,0.0,1.11,0.984,0.208,0.95,0.853,1.716,0.0,1.491,7.0,0.0,1e-05,1e-05,1.719,1.167,1.061,0.0,1.38,2.079,0.7,1.838,1.324,1.724,1e-05,7,D,0.866,1
125,Agustín Vuletich,Independiente,1,-0.824,0.176,0.588,28.253,0.424,0.322,0.0,0.235,1.707,0.904,0.424,0.0,2.438,1.072,0.696,0.546,0.588,0.588,0.0,1.295,1.333,1.143,0.0,1.333,1.349,1.467,1.0,1e-05,1.617,1.074,2.909,0.308,0.857,2.0,1e-05,4,A,0.592,1
126,Víctor Moreno,Independiente,1,-0.375,0.312,0.562,24.519,0.242,0.0,0.0,0.0,0.781,0.39,0.484,0.242,1.102,0.559,0.242,0.242,0.857,1.275,0.0,1.241,0.889,0.0,0.0,0.0,1.039,0.889,1.655,4.0,1.113,1.116,0.667,0.042,1.217,1.15,0.0,8,D,0.472,2
127,Jaen Pineda,Independiente,1,-0.533,0.2,0.533,14.731,0.0,0.249,0.0,0.0,0.854,0.4,0.442,0.249,1.123,0.884,0.0,1.482,0.943,1.5,0.0,1.559,0.0,1.7,0.0,0.0,2.045,1.214,1.36,4.25,2.46,1.201,0.0,1.367,2.378,3.073,1e-05,17,DM,0.524,2
128,Kevin Londoño,Independiente,1,-0.357,0.214,0.429,21.276,0.515,0.0,0.0,0.0,0.972,0.589,0.35,0.0,1.134,0.904,0.35,2.685,0.7,1.134,0.0,0.548,1.692,0.0,1e-05,1e-05,0.733,0.702,0.314,0.0,0.393,0.14,1.1,1.083,0.561,0.227,1e-05,11,M,0.322,4
129,James Sánchez,Independiente,1,0.441,0.5,0.294,31.286,0.167,0.232,0.0,0.0,1.108,0.464,0.42,0.0,0.833,0.796,0.167,1.241,0.897,0.8,0.167,1.186,0.923,1.714,1e-05,1e-05,1.026,0.923,0.8,0.0,0.963,0.841,0.0,0.85,1.576,1.012,6.0,12,M,0.088,4
130,Javier Reina,Independiente,1,0.091,0.333,0.364,29.036,0.359,0.477,0.287,0.287,1.275,0.46,0.239,0.0,1.167,1.359,0.359,2.373,0.657,0.74,0.0,1.477,2.333,4.455,6.0,4.667,1.775,1.197,0.5,0.0,1.234,1.351,1.373,2.757,0.955,1.424,1e-05,14,M,0.898,1
131,Yulián Gómez,Independiente,1,-0.676,0.189,0.514,14.136,0.162,0.162,0.0,0.0,0.752,0.273,0.488,0.162,1.061,0.904,0.638,2.178,1.138,1.086,0.0,1.908,0.957,1.048,0.0,0.0,0.948,0.688,1.375,3.143,1.28,1.938,4.475,3.644,1.939,1.578,1e-05,22,DM,0.499,2
132,Bayron Garces,Independiente,1,-0.483,0.172,0.379,14.521,0.345,0.378,0.0,0.0,1.019,0.773,0.253,0.0,1.03,1.103,0.558,2.899,0.81,0.447,0.0,2.088,3.238,6.538,1e-05,0.0,2.73,3.667,0.486,0.0,1.065,1.427,8.16,5.067,1.147,0.68,1e-05,17,M,0.46,2
133,Luis Hernando Mena,Independiente,1,-0.077,0.308,0.308,26.48,0.0,0.0,0.0,0.0,0.606,0.533,0.361,0.0,1.703,1.206,0.266,1.406,1.546,1.496,0.0,0.673,0.0,0.0,1e-05,1e-05,0.537,1.222,0.31,0.0,0.81,0.514,0.786,0.833,1.079,0.658,1e-05,11,D,0.422,3
134,Andrés Cadavid,Independiente,1,0.229,0.354,0.312,12.097,0.437,0.0,0.328,0.35,1.058,0.624,0.517,0.141,1.229,0.763,0.274,0.506,1.009,1.49,0.0,1.641,6.4,0.0,8.0,8.0,2.345,3.429,1.627,4.0,1.298,1.172,1.231,0.253,1.237,1.343,1e-05,8,D,0.456,1
135,Héctor Urrego,Independiente,1,0.35,0.4,0.35,29.07,0.457,0.287,0.0,0.0,0.723,0.516,0.49,0.208,0.824,0.71,0.49,0.0,0.833,1.634,0.0,0.934,5.0,1.667,1e-05,1e-05,0.778,1.5,0.87,1.429,0.766,0.633,1.538,0.0,0.625,0.794,1e-05,10,D,0.373,2
136,Diego Arias,Independiente,1,0.731,0.615,0.077,27.589,0.0,0.192,0.0,0.0,0.394,0.192,0.538,0.192,1.118,0.91,0.0,0.319,0.898,1.035,0.0,1.369,0.0,0.0,0.0,0.0,0.184,0.151,2.254,19.0,1.267,0.657,0.0,0.14,1.273,1.865,1e-05,19,M,0.373,2
137,Nicolás Palacios,Independiente,1,-0.429,0.333,0.429,28.495,0.208,0.0,0.208,0.208,0.657,0.419,0.492,0.208,1.231,1.23,0.49,0.0,1.437,1.593,0.0,1.065,0.92,0.0,7.667,5.75,0.786,1.018,2.908,4.6,1.463,1.359,1.38,0.0,2.266,0.859,0.0,23,DM,0.29,3
138,Didier Delgado,Independiente,1,0.42,0.46,0.36,27.186,0.297,0.357,0.0,0.0,1.535,0.625,0.456,0.0,0.882,1.391,0.571,1.745,1.053,1.209,0.0,1.514,2.88,3.13,1e-05,1e-05,3.355,2.227,2.694,0.0,1.101,2.037,2.034,2.439,1.791,1.728,0.0,24,DM,0.148,4
139,Luis Tipton,Independiente,1,-0.24,0.28,0.32,9.814,0.0,0.431,0.0,0.0,1.076,0.686,0.427,0.0,1.031,1.017,0.0,3.29,0.64,1.248,0.0,0.686,0.0,0.0,1e-05,1e-05,1.773,1.258,0.634,0.0,0.51,0.335,0.0,1.288,0.295,0.834,1e-05,13,D,0.406,3
140,Mauricio Armero,Independiente,1,-0.48,0.24,0.32,27.102,0.367,0.0,0.0,0.0,0.96,0.531,0.531,0.196,0.806,1.792,0.325,2.17,0.753,0.196,0.0,0.381,2.526,0.0,0.0,0.0,0.354,0.348,1.171,0.0,0.415,0.627,0.821,0.593,0.58,0.0,1e-05,16,M,0.089,4
141,Cristian Echavarría,Independiente,1,1.125,0.625,0.0,26.521,0.0,0.314,0.0,0.0,1.066,0.629,0.0,0.0,0.416,1.633,0.471,0.956,0.471,0.0,0.0,0.278,0.0,0.905,0.0,0.0,0.271,0.29,0.0,0.0,0.113,0.537,0.814,0.188,0.154,0.0,1e-05,19,AM,0.097,4
142,Andrés Ricaurte,Independiente,1,-0.275,0.325,0.45,8.418,0.156,0.4,0.0,0.156,1.308,0.663,0.38,0.0,0.894,2.231,0.156,2.393,1.012,1.403,0.0,2.557,0.765,6.118,0.0,4.333,2.651,2.633,1.82,0.0,1.825,5.302,0.317,4.295,2.29,3.038,1e-05,13,M,1.001,1
143,Jesús David Murillo Largacha,Independiente,1,-0.517,0.103,0.448,28.739,0.182,0.182,0.0,0.0,0.833,0.518,0.447,0.0,1.27,0.937,0.0,1.472,1.723,2.072,0.0,1.027,2.667,2.0,1e-05,1e-05,2.022,2.154,1.391,0.0,1.64,1.29,0.0,1.462,1.872,1.197,1e-05,8,D,0.963,1
144,Elvis Mosquera,Independiente,1,-0.429,0.257,0.514,6.344,0.232,0.0,0.0,0.0,0.873,0.539,0.35,0.0,0.937,0.841,0.28,1.604,0.731,1.582,0.0,2.501,4.8,0.0,1e-05,1e-05,3.211,4.0,1.154,0.0,1.959,2.077,3.6,4.719,1.357,2.083,0.0,12,D,0.75,1
145,Jorge Segura,Independiente,1,-0.5,0.25,0.5,26.127,0.0,0.0,0.0,0.0,0.433,0.331,0.484,0.0,1.118,0.484,0.0,0.0,0.707,3.112,0.0,0.518,0.0,0.0,1e-05,1e-05,0.338,0.5,0.692,0.0,0.735,0.346,0.0,0.0,0.286,0.727,0.0,12,D,0.452,1
146,Yulián Anchico,Independiente,1,-0.161,0.355,0.419,16.562,0.0,0.177,0.0,0.0,0.825,0.418,0.605,0.296,1.493,1.201,0.335,1.105,1.387,1.896,0.0,1.784,0.0,1.263,0.0,0.0,1.387,1.487,2.038,6.857,2.0,1.842,1.959,1.147,2.377,2.476,0.0,24,DM,0.543,2
147,William Parra Sinisterra,Independiente,1,-0.091,0.182,0.273,31.606,0.0,0.0,0.0,0.0,0.481,0.0,0.386,0.0,1.164,0.481,0.0,0.386,0.833,1.113,0.0,0.402,0.0,0.0,0.0,0.0,0.196,0.0,0.377,0.0,0.429,0.135,0.0,0.062,0.492,0.622,1e-05,13,M,0.269,3
148,Daniel Restrepo,Independiente,1,-0.6,0.2,0.6,27.827,0.0,0.3,0.0,0.0,0.781,0.3,0.5,0.0,0.917,0.64,0.0,0.4,1.136,1.187,0.0,0.655,0.0,1.357,0.0,0.0,0.417,0.184,1.439,0.0,0.764,0.139,0.0,0.067,1.03,0.619,1e-05,19,M,0.0,4
149,Brayan Angulo Mosquera,Independiente,1,0.077,0.333,0.333,27.1,0.218,0.218,0.156,0.156,0.937,0.527,0.263,0.0,0.979,0.947,0.218,2.777,0.519,0.474,0.0,1.29,0.929,2.0,1e-05,1e-05,1.362,1.721,0.639,0.0,1.097,1.018,0.65,2.488,0.562,0.44,1e-05,13,M,0.09,4
150,Rodin Quiñónes,Independiente,1,0.682,0.636,0.227,27.554,0.343,0.287,0.0,0.0,1.367,0.555,0.343,0.0,1.154,1.373,0.287,1.405,0.538,0.343,0.0,0.922,0.7,0.0,0.0,0.0,1.301,0.857,0.618,0.0,0.906,1.464,0.724,0.927,0.358,0.143,1e-05,21,M,0.089,4
151,Pablo José Rojas,Jaguares,1,0.1,0.35,0.2,22.139,0.213,0.213,0.0,0.0,1.218,0.563,0.35,0.0,1.18,1.137,0.294,1.759,0.642,0.728,0.0,1.418,0.542,0.929,0.0,0.0,1.512,1.058,0.975,0.0,1.641,1.981,0.703,2.122,1.67,1.375,1e-05,13,AM,0.928,1
152,Nelino Tapia,Jaguares,1,-0.441,0.265,0.559,25.12,0.284,0.235,0.0,0.0,1.187,0.559,0.322,0.169,0.807,1.329,0.403,4.434,0.776,1.0,0.0,1.303,1.0,4.5,1e-05,1e-05,1.103,0.614,0.711,3.0,0.738,1.387,0.265,4.127,0.692,1.116,1e-05,9,AM,0.504,2
153,Andrés Rentería,Jaguares,1,0.348,0.348,0.217,29.193,0.507,0.282,0.0,0.0,1.463,0.82,0.282,0.0,0.748,1.034,0.706,0.282,0.606,0.606,0.0,1.097,2.08,1.0,0.0,0.0,2.177,2.253,0.433,1e-05,0.774,0.653,2.543,0.149,0.516,0.722,1e-05,13,AM,0.369,2
154,Jefferson Montañez,Jaguares,1,-1.167,0.167,0.833,28.441,0.471,0.0,0.0,0.0,0.373,0.5,0.745,0.373,0.745,0.5,0.0,0.745,1.067,0.943,0.0,0.521,0.0,0.0,0.0,0.0,0.381,0.312,0.0,0.0,0.197,0.288,0.0,0.362,0.633,0.156,1e-05,10,M,0.187,4
155,José Orlando Pérez,Jaguares,1,-0.125,0.25,0.5,27.923,0.331,0.0,0.0,0.0,0.331,0.331,0.484,0.0,0.866,0.707,0.331,0.696,1.0,0.992,0.0,0.563,4.5,0.0,1e-05,1e-05,0.173,0.5,0.771,0.0,0.777,0.562,4.5,0.25,0.387,0.287,1e-05,9,D,0.173,4
156,Israel Alba,Jaguares,1,-0.257,0.314,0.371,11.886,0.232,0.167,0.0,0.0,1.051,0.603,0.498,0.167,1.244,0.63,0.232,2.059,1.197,1.295,0.0,2.385,6.0,2.4,1e-05,1e-05,5.322,8.0,3.086,3.0,2.619,1.358,3.429,5.277,2.983,2.526,1e-05,12,D,1.0,1
157,Wilder Guisao,Jaguares,1,-0.273,0.273,0.364,27.697,0.0,0.0,0.0,0.0,0.617,0.386,0.386,0.0,1.052,1.192,0.287,1.029,0.643,0.481,0.0,0.381,0.0,0.0,1e-05,0.0,0.421,0.387,0.381,0.0,0.467,0.32,0.387,0.443,0.223,0.211,1e-05,12,M,0.703,1
158,Leonardo Saldaña,Jaguares,1,-0.333,0.167,0.5,28.184,0.0,0.373,0.0,0.0,1.067,0.0,0.5,0.0,0.687,1.462,0.0,1.675,0.471,1.067,0.0,0.2,0.0,1.75,1e-05,1e-05,0.356,0.0,0.359,0.0,0.249,0.427,0.538,1.058,0.187,0.08,1e-05,7,D,0.641,2
159,Sergio Esteban Romero,Jaguares,1,0.0,0.312,0.312,26.223,0.413,0.291,0.174,0.174,1.556,0.824,0.415,0.174,1.138,0.75,0.922,0.433,0.559,0.363,0.0,2.171,2.692,1.875,5.0,5.0,2.453,2.436,2.222,5.0,1.344,1.558,1.447,1.026,2.857,1.562,1e-05,5,A,0.478,3
160,Roger Lemus,Jaguares,1,0.067,0.267,0.4,25.889,0.249,0.0,0.0,0.0,0.884,0.442,0.249,0.0,0.854,0.442,0.0,0.884,0.596,0.772,0.0,0.332,0.5,0.0,0.0,0.0,0.615,0.56,0.246,0.0,0.538,0.159,0.0,0.28,0.504,0.271,1e-05,14,M,0.167,4
161,Jesús Murillo,Jaguares,1,-1.5,0.0,1.0,0.0,0.0,0.0,0.0,0.0,0.5,0.5,0.0,0.0,1.0,0.5,0.0,0.0,0.5,0.5,0.0,0.57,0.0,3.5,1e-05,1e-05,0.56,0.875,0.512,0.0,0.655,0.368,1.4,2.13,0.726,0.524,7.0,7,D,0.261,3
162,Stiven Rentería,Jaguares,1,-1.5,0.0,0.75,30.158,0.0,0.0,0.0,0.0,0.5,0.0,0.433,0.0,1.225,0.433,0.5,0.866,0.0,0.433,0.0,0.392,0.5,0.0,1.0,0.8,0.583,0.857,0.727,0.0,0.8,0.578,0.0,0.154,0.364,0.308,1e-05,4,A,0.189,4
163,Juan Camilo Roa,Jaguares,1,0.8,0.6,0.2,21.189,0.0,0.4,0.0,0.0,0.0,0.0,0.4,0.0,1.497,0.49,0.0,0.0,0.8,0.4,0.0,0.298,0.455,0.0,0.0,0.0,0.368,0.372,0.0,1e-05,0.328,0.719,0.357,0.239,0.312,0.084,1e-05,15,M,0.934,1
164,Léiner Escalante,Jaguares,1,0.667,0.481,0.333,30.177,0.309,0.309,0.0,0.0,0.859,0.433,0.258,0.0,0.821,1.39,0.906,2.44,0.383,0.749,0.0,0.789,0.375,1.688,0.0,0.0,0.786,0.545,0.367,1e-05,0.612,1.008,2.712,1.831,0.243,0.75,1e-05,18,AM,0.106,4
165,Cleider Alzáte,Jaguares,1,0.279,0.442,0.279,30.902,0.369,0.321,0.0,0.0,1.096,0.542,0.29,0.0,0.687,1.023,0.151,1.814,0.757,0.428,0.0,1.201,2.586,2.308,0.0,0.0,1.279,1.562,0.545,0.0,0.541,1.282,0.395,1.437,0.593,0.423,1e-05,15,M,0.308,2
166,Rafhael Lucas,Jaguares,0,0.0,0.333,0.333,27.044,0.276,0.0,0.0,0.0,0.0,0.0,0.0,0.0,0.0,0.0,0.0,0.0,0.0,0.0,0.0,0.27,0.235,0.0,0.0,0.0,1e-05,1e-05,0.0,1e-05,1e-05,1e-05,1e-05,1e-05,1e-05,1e-05,1e-05,4,A,0.29,3
167,Olmes García,Jaguares,1,0.1,0.35,0.25,23.71,0.499,0.213,0.0,0.0,1.006,0.587,0.35,0.0,1.269,1.53,0.575,1.48,0.713,0.426,0.0,0.748,1.846,0.9,0.0,0.0,0.86,1.446,0.257,0.0,0.794,1.12,2.824,1.105,0.529,0.329,1e-05,18,AM,0.178,4
168,Danilson Córdoba,Jaguares,1,0.6,0.7,0.2,27.628,0.0,0.3,0.0,0.0,0.917,0.0,0.3,0.0,0.98,0.3,0.0,0.458,1.249,1.269,0.0,0.199,0.0,0.556,0.0,0.0,0.158,0.0,0.2,0.0,0.356,0.039,0.0,0.09,0.4,0.374,1e-05,15,M,0.144,4
169,Álvaro Meléndez,CA Bucaramanga,1,-1.833,0.0,0.833,23.678,0.0,0.0,0.0,0.0,0.745,0.745,0.373,0.0,0.577,0.687,0.0,1.572,0.373,0.745,0.0,0.375,0.933,0.0,1e-05,1e-05,0.645,1.302,0.0,0.0,0.368,0.774,1.077,1.704,0.237,0.125,1e-05,14,M,0.781,1
170,Andrés Felipe Correa,CA Bucaramanga,1,0.15,0.35,0.15,6.389,0.294,0.0,0.0,0.0,1.362,0.563,0.393,0.0,0.868,0.785,0.426,0.467,0.777,1.327,0.0,1.544,3.5,0.0,1e-05,1e-05,2.492,2.211,0.966,0.0,0.855,1.377,7.0,0.148,1.379,1.62,1e-05,7,D,0.729,1
171,John Édison Hernández,CA Bucaramanga,1,-0.647,0.235,0.588,21.712,0.235,0.235,0.0,0.0,0.998,0.771,0.381,0.0,1.326,0.941,0.513,1.349,1.188,0.681,0.0,1.623,0.933,1.4,1e-05,1e-05,1.474,2.279,1.448,0.0,1.695,0.774,1.615,1.333,2.017,1.375,1e-05,14,M,0.523,2
172,Cristian Blanco,CA Bucaramanga,1,-0.231,0.308,0.462,31.02,0.0,0.0,0.0,0.0,0.746,0.266,0.0,0.0,0.843,0.499,0.266,1.576,1.026,0.961,0.266,0.611,0.0,0.0,0.0,0.0,0.373,0.244,0.0,0.0,0.175,0.382,0.826,0.754,0.743,0.905,4.75,19,DM,0.471,2
173,Carlos Henao,CA Bucaramanga,1,-0.1,0.2,0.2,0.0,0.0,0.0,0.0,0.0,0.64,0.4,0.3,0.0,0.5,0.671,0.0,0.0,0.8,1.497,0.0,0.665,0.0,0.0,1e-05,1e-05,0.645,0.737,0.318,0.0,0.28,0.254,0.0,0.0,0.322,0.778,0.0,7,D,0.441,3
174,Andrés Sarmiento,CA Bucaramanga,1,-0.583,0.167,0.5,24.415,0.373,0.373,0.0,0.0,1.863,0.624,0.0,0.0,0.759,1.518,0.759,0.595,1.187,0.373,0.0,0.714,1.7,3.091,0.0,0.0,2.278,1.172,0.0,0.0,0.556,0.922,2.237,0.773,0.952,0.293,1e-05,17,AM,0.373,4
175,Jair Palacios,CA Bucaramanga,1,0.294,0.471,0.235,4.0,0.0,0.0,0.0,0.0,0.471,0.0,0.6,0.235,1.926,1.248,0.0,1.626,1.637,0.963,0.0,0.973,0.0,0.0,0.0,0.0,0.274,0.0,1.186,2.5,1.203,2.214,0.0,2.115,1.946,0.57,1e-05,10,D,0.787,1
176,Cristhian Subero,CA Bucaramanga,1,-0.538,0.231,0.513,8.385,0.158,0.379,0.0,0.0,0.613,0.361,0.487,0.158,1.143,0.975,0.361,2.331,0.812,1.533,0.0,2.191,2.75,6.286,1e-05,1e-05,3.048,3.056,2.979,2.2,2.26,2.231,2.2,4.216,1.913,2.208,1e-05,11,D,0.605,2
177,Henry Rojas,CA Bucaramanga,1,0.344,0.375,0.281,27.774,0.239,0.287,0.0,0.171,1.013,0.555,0.171,0.0,0.783,1.055,0.239,2.342,1.243,1.273,0.0,1.645,0.806,2.417,0.0,0.0,1.963,2.26,0.236,0.0,0.604,1.257,0.492,2.942,1.988,2.175,1e-05,29,DM,0.44,2
178,Nicolás Roa,CA Bucaramanga,1,-0.095,0.238,0.333,20.879,0.213,0.213,0.0,0.0,0.642,0.452,0.486,0.0,1.285,1.151,0.0,1.208,1.578,1.327,0.0,0.968,0.778,0.0,0.0,0.0,0.575,0.667,0.966,0.0,1.046,0.715,0.0,0.204,1.902,2.019,1e-05,21,M,0.425,2
179,Bryan Castrillón,CA Bucaramanga,1,0.333,0.381,0.238,23.83,0.0,0.0,0.0,0.0,0.898,0.587,0.0,0.0,0.583,1.385,0.499,1.498,0.906,0.499,0.0,0.949,0.0,0.0,0.0,0.0,0.928,1.163,0.0,0.0,0.466,1.558,1.194,1.887,0.991,0.419,0.0,20,AM,0.32,3
180,Martín Payares,CA Bucaramanga,1,-0.148,0.185,0.37,0.0,0.189,0.189,0.0,0.0,0.733,0.314,0.355,0.0,1.198,0.875,0.189,0.0,0.629,1.066,0.0,1.362,3.0,2.4,1e-05,1e-05,1.252,0.444,1.029,0.0,1.462,1.245,1.714,0.0,0.832,1.378,1e-05,12,D,0.403,3
181,Ever Valencia,CA Bucaramanga,1,-0.318,0.273,0.409,27.457,0.204,0.204,0.0,0.0,0.947,0.507,0.282,0.204,0.761,0.895,0.0,1.559,0.46,0.46,0.0,0.256,0.389,0.0,0.0,0.0,0.39,0.479,0.0,0.0,0.242,0.265,0.0,0.492,0.118,0.117,1e-05,14,AM,0.224,4
182,Camilo Mancilla,CA Bucaramanga,1,-0.152,0.333,0.394,12.662,0.287,0.171,0.0,0.0,0.937,0.494,0.46,0.0,0.757,0.7,0.326,0.359,0.977,1.552,0.171,1.564,8.0,1.0,1e-05,1e-05,1.878,3.048,1.429,0.0,0.977,0.966,3.556,0.225,1.325,1.704,8.0,8,D,0.738,1
183,Alejandro Bernal,CA Bucaramanga,1,-0.136,0.318,0.364,18.435,0.287,0.0,0.0,0.0,1.083,0.568,0.538,0.287,1.017,0.798,0.0,0.538,1.355,0.919,0.0,1.73,1.333,0.0,0.0,0.0,1.062,1.358,1.588,4.5,1.866,1.01,0.0,0.289,2.533,1.879,0.0,18,M,0.348,2
184,Roque Caballero,CA Bucaramanga,1,0.0,0.4,0.3,26.69,0.4,0.4,0.0,0.0,0.943,0.663,0.3,0.0,1.1,0.943,0.4,0.3,0.663,0.64,0.0,0.634,0.706,1.714,0.0,0.0,0.47,0.545,1.0,1e-05,0.857,0.892,0.324,0.092,1.043,1.125,1e-05,6,A,0.227,3
185,Jonathan Ávila,CA Bucaramanga,1,0.29,0.419,0.258,34.184,0.0,0.0,0.0,0.0,0.682,0.174,0.464,0.0,1.596,0.706,0.174,0.291,1.0,1.411,0.0,1.408,0.0,0.0,1e-05,1e-05,1.305,0.786,2.619,0.0,2.069,1.059,0.917,0.133,1.588,1.298,0.0,11,D,0.248,3
186,Elkin Blanco,CA Bucaramanga,1,-0.621,0.241,0.517,17.241,0.0,0.0,0.0,0.0,0.72,0.182,0.485,0.0,1.437,1.133,0.0,0.433,1.523,2.046,0.0,0.985,0.0,0.0,0.0,0.0,0.265,0.17,0.794,0.0,1.109,0.827,0.0,0.0,1.357,2.176,0.0,18,M,0.186,4
187,César Quintero,CA Bucaramanga,1,-0.091,0.364,0.455,26.937,0.287,0.287,0.0,0.0,0.481,0.287,0.445,0.0,0.656,1.537,0.287,1.24,0.891,0.481,0.0,0.455,0.517,0.577,0.0,0.0,0.197,0.156,0.545,0.0,0.27,0.47,0.395,0.287,0.296,0.282,1e-05,15,M,0.324,2
188,Dairín González,CA Bucaramanga,1,0.034,0.31,0.345,24.193,0.0,0.0,0.0,0.0,0.378,0.0,0.543,0.182,1.074,0.67,0.305,0.0,1.094,1.689,0.0,1.36,0.0,0.0,1e-05,1e-05,0.776,0.0,1.875,3.0,1.338,0.841,2.455,0.0,1.158,1.372,1e-05,9,D,0.284,3
189,Marvin Vallecilla,CA Bucaramanga,1,-0.115,0.308,0.423,8.918,0.0,0.319,0.0,0.0,0.394,0.192,0.494,0.192,1.276,1.617,0.192,2.136,1.867,1.743,0.0,1.484,0.0,3.375,1e-05,1e-05,0.616,0.45,2.106,2.25,1.914,2.543,1.8,1.812,2.609,1.622,0.0,9,D,0.247,3
190,Víctor Castillo,CA Bucaramanga,1,0.364,0.455,0.273,38.815,0.0,0.0,0.0,0.0,0.445,0.287,0.445,0.0,1.213,0.643,0.0,0.0,1.666,0.656,0.0,0.392,0.0,0.0,0.0,0.0,0.148,0.156,0.818,0.0,0.766,0.128,0.0,0.0,0.83,0.423,1e-05,15,M,0.199,4
191,Yilmar Filigrana,CA Bucaramanga,0,-0.111,0.333,0.444,9.942,0.314,0.0,0.0,0.0,0.416,0.416,0.416,0.0,0.816,0.314,0.0,0.956,0.471,0.314,0.0,0.335,0.0,0.0,0.0,0.0,0.312,0.156,0.483,0.0,0.414,0.155,0.382,0.53,0.389,0.361,1e-05,7,A,0.116,4
192,Maximiliano Núñez,CA Bucaramanga,1,0.051,0.385,0.359,26.773,0.218,0.263,0.0,0.0,1.481,0.632,0.0,0.156,0.441,1.107,0.499,4.188,0.263,0.357,0.0,0.967,0.542,1.219,0.0,0.0,1.152,1.426,0.0,6.5,0.204,0.759,0.94,2.03,0.097,0.114,1e-05,13,AM,0.105,4
193,Jáder Maza,Envigado,1,-1.5,0.0,1.0,4.0,0.0,0.0,0.0,0.0,0.5,0.0,0.0,0.0,0.0,0.0,0.5,0.5,1.0,0.0,0.0,0.314,0.667,0.0,0.0,0.0,0.231,0.348,0.0,1e-05,0.389,0.043,0.387,0.61,0.378,0.414,1e-05,12,M,0.855,1
194,Jonathan Lopera,Envigado,1,-0.118,0.235,0.412,32.31,0.229,0.0,0.0,0.0,0.756,0.448,0.591,0.229,0.711,0.762,0.229,0.373,0.685,1.462,0.0,0.957,2.0,0.0,1e-05,1e-05,1.443,2.0,2.545,4.0,1.0,0.549,1.0,0.13,0.719,1.518,1e-05,8,D,0.558,1
195,Jean Lucas Rivera,Envigado,1,-0.091,0.182,0.273,29.768,0.0,0.0,0.0,0.0,0.782,0.445,0.287,0.0,1.336,1.24,0.0,1.725,0.782,0.445,0.0,0.282,0.0,0.0,0.0,0.0,0.251,0.286,0.295,0.0,0.424,0.412,0.0,0.276,0.359,0.213,1e-05,18,M,0.485,2
196,Oswal Álvarez,Envigado,1,-0.778,0.0,0.444,15.179,0.0,0.0,0.0,0.0,0.416,0.0,0.0,0.0,0.685,0.816,0.314,0.0,0.314,0.0,0.0,0.33,0.0,0.0,0.0,0.0,0.45,0.489,0.0,0.0,0.37,0.126,0.153,0.252,0.087,0.184,1e-05,9,A,0.178,3
197,Jhoaho Hinestroza,Envigado,1,-0.667,0.0,0.667,23.367,0.0,0.0,0.0,0.0,0.471,0.0,0.0,0.0,0.471,0.816,0.471,0.816,0.0,0.471,0.0,0.269,0.0,0.0,0.0,0.0,0.127,0.0,0.0,0.0,0.266,0.041,0.0,0.064,0.117,0.276,1e-05,14,M,0.145,4
198,Wilmar Jordán,Envigado,1,-0.667,0.167,0.542,26.207,0.538,0.373,0.276,0.276,1.579,1.027,0.276,0.0,1.224,1.675,0.455,0.331,0.373,0.439,0.0,0.596,1.929,1.636,0.0,0.0,0.725,0.808,0.0,0.0,0.9,0.72,0.529,0.089,0.409,0.269,1e-05,9,A,0.254,4
199,Wilfrido de la Rosa Mendoza,Envigado,1,0.143,0.429,0.357,30.517,0.821,0.0,0.0,0.0,1.245,0.906,0.35,0.0,1.206,1.319,0.61,0.795,0.258,0.0,0.0,0.487,1.371,0.0,0.0,0.0,0.478,0.675,0.8,0.0,0.76,0.55,1.212,0.158,0.116,0.0,1e-05,8,A,0.839,1
200,Alexis Zapata,Envigado,1,0.5,0.375,0.125,28.089,0.0,0.0,0.0,0.0,1.09,0.707,0.331,0.0,1.323,0.992,0.0,0.484,0.484,0.696,0.0,0.199,0.0,0.0,0.0,0.0,0.285,0.322,0.222,0.0,0.255,0.157,0.0,0.115,0.135,0.161,1e-05,12,M,0.144,4
201,César Arias,Rionegro,1,-0.588,0.294,0.529,26.571,0.381,0.235,0.235,0.235,0.963,0.478,0.235,0.0,0.749,0.749,0.762,0.691,0.424,0.322,0.0,1.606,1.875,1.667,1.667,1.667,1.25,1.5,1.0,1e-05,1.304,1.017,1.429,1.667,1.053,1.111,1e-05,5,A,0.636,1
202,Alejandro Artunduaga,Rionegro,1,-0.333,0.222,0.5,13.579,0.229,0.229,0.0,0.0,0.756,0.416,0.416,0.0,0.816,1.599,0.229,1.5,1.213,0.994,0.0,1.383,0.9,1.5,0.0,0.0,0.78,0.867,1.412,0.0,1.223,2.25,0.486,1.897,1.979,1.236,1e-05,18,DM,0.499,2
203,Juan Salazar,Rionegro,1,0.522,0.522,0.304,26.404,0.319,0.361,0.0,0.0,1.344,0.793,0.394,0.0,1.012,1.133,0.192,2.317,0.444,0.266,0.0,0.486,0.367,2.062,0.0,0.0,0.737,1.06,0.393,1e-05,0.579,0.737,0.333,1.269,0.328,0.108,1e-05,11,M,0.381,2
204,Elicer Quiñones,Rionegro,1,0.105,0.368,0.474,29.102,0.35,0.0,0.0,0.0,0.471,0.393,0.213,0.0,0.35,0.426,0.0,1.91,0.467,0.294,0.0,0.352,0.0,0.0,0.0,0.0,0.211,0.133,0.393,1e-05,0.526,0.227,0.0,0.192,0.575,0.431,1e-05,11,M,0.0,4
205,Jhon Fredy Miranda,Rionegro,1,-0.667,0.167,0.556,26.851,0.314,0.229,0.314,0.314,1.42,0.831,0.577,0.314,1.1,1.242,0.678,4.016,0.448,0.65,0.0,1.114,2.6,1.444,8.667,8.667,1.577,1.576,2.516,8.667,1.292,1.066,3.763,5.064,0.765,0.596,1e-05,13,AM,0.216,3
206,John Freddy Pérez,Rionegro,1,-0.282,0.231,0.436,25.867,0.458,0.156,0.156,0.156,1.738,0.872,0.38,0.0,0.67,1.243,0.263,2.733,0.418,0.833,0.0,1.429,4.333,0.0,1e-05,0.0,2.733,3.059,0.419,0.0,0.616,1.642,0.812,4.368,0.634,0.911,1e-05,13,M,0.328,2
207,David Valencia,Rionegro,1,-0.64,0.16,0.48,24.905,0.0,0.0,0.0,0.0,0.463,0.196,0.427,0.0,1.312,0.574,0.196,0.271,0.993,1.573,0.0,1.165,0.0,0.0,0.0,0.0,0.208,0.0,0.276,0.0,0.848,0.651,0.667,0.042,1.13,1.341,0.0,8,D,0.3,2
208,John Fredy Salazar,Rionegro,1,-0.156,0.375,0.281,29.537,0.242,0.291,0.0,0.0,1.031,0.704,0.363,0.0,1.458,1.622,0.65,3.162,1.071,0.643,0.0,1.538,1.059,3.176,0.0,0.0,1.663,2.298,1.837,0.0,1.743,2.408,3.176,5.4,2.212,1.145,1e-05,18,AM,0.77,1
209,Mateo Puerta,Rionegro,1,-0.571,0.286,0.571,27.432,0.0,0.0,0.0,0.0,0.35,0.35,0.35,0.0,2.07,0.833,0.35,1.05,1.05,0.881,0.0,0.347,0.0,0.0,1e-05,1e-05,0.08,0.27,0.196,0.0,0.628,0.375,1.25,0.362,0.561,0.459,0.0,10,D,0.58,2
210,Geovan Montes,Rionegro,1,-0.5,0.125,0.312,18.218,0.0,0.0,0.0,0.0,0.599,0.242,0.609,0.242,1.118,1.116,0.39,1.285,1.09,1.158,0.0,0.996,0.0,0.0,1e-05,1e-05,0.878,0.462,1.355,6.0,1.112,1.84,3.273,1.611,0.783,0.988,1e-05,12,D,0.364,3
211,Jonny Mosquera,Rionegro,1,-0.375,0.375,0.438,27.438,0.0,0.0,0.0,0.0,0.433,0.0,0.39,0.0,1.031,1.111,0.0,0.0,0.901,1.495,0.0,0.434,0.0,0.0,0.0,0.0,0.22,0.0,0.919,0.0,0.436,0.697,0.0,0.0,0.604,1.184,1e-05,17,M,0.274,3
212,Jáder Obrian,Rionegro,1,0.8,0.6,0.2,25.487,0.0,0.0,0.0,0.0,0.8,0.4,0.0,0.0,1.47,1.166,1.2,1.166,0.748,0.8,0.0,0.28,0.0,0.0,0.0,0.0,0.228,0.082,0.5,1e-05,0.409,0.367,0.356,0.338,0.16,0.157,1e-05,8,A,1.0,1
213,Mauricio Restrepo,Rionegro,1,0.0,0.4,0.371,33.591,0.167,0.0,0.0,0.0,0.905,0.318,0.377,0.0,1.245,0.692,0.0,0.553,1.286,1.009,0.0,1.814,0.559,0.0,0.0,0.0,0.799,0.603,1.61,0.0,1.773,0.657,0.0,0.28,1.909,2.448,1e-05,19,M,0.442,1
214,Aldo Leão Ramírez,Rionegro,1,0.576,0.508,0.169,30.995,0.246,0.215,0.0,0.0,0.936,0.52,0.272,0.0,1.012,0.907,0.215,1.877,1.035,0.666,0.0,1.455,1.889,1.308,0.0,0.0,1.197,0.992,0.911,0.0,1.003,1.208,0.773,1.529,1.352,1.29,0.0,17,M,0.338,2
215,David Contreras,Rionegro,1,-0.333,0.5,0.333,23.735,0.0,0.0,0.0,0.0,0.373,0.0,0.0,0.0,1.118,1.915,0.0,0.0,0.745,0.745,0.0,0.241,0.0,0.0,0.0,0.0,0.101,0.0,0.39,0.0,0.119,0.235,0.0,0.037,0.332,0.085,1e-05,16,M,0.242,3
216,Miguel Ángel Murillo,Rionegro,1,-0.375,0.312,0.469,31.14,0.39,0.0,0.174,0.174,0.966,0.464,0.413,0.174,0.537,0.931,0.661,0.242,0.242,0.0,0.0,0.465,0.75,0.0,1.0,0.8,0.5,0.381,1.091,4.0,0.514,0.627,0.571,0.154,0.364,0.0,1e-05,4,A,0.219,3
217,Gilberto García,Rionegro,1,-0.405,0.216,0.486,8.757,0.273,0.273,0.0,0.162,1.15,0.965,0.392,0.0,0.885,0.916,0.162,4.424,1.038,1.177,0.0,2.722,4.0,5.6,0.0,14.0,3.662,5.451,2.202,0.0,1.705,2.297,0.622,10.951,2.715,3.009,1e-05,28,DM,0.177,3
218,Elacio Córdoba,Rionegro,1,-0.333,0.306,0.5,14.511,0.0,0.276,0.0,0.0,0.48,0.346,0.55,0.164,1.164,1.08,0.229,1.959,1.584,1.871,0.0,1.039,0.0,2.571,0.0,0.0,0.499,1.038,2.667,4.5,1.523,0.95,0.551,2.194,2.041,1.717,1e-05,26,DM,0.172,3
219,Giovanny Martínez,Rionegro,1,-0.25,0.25,0.5,28.0,0.0,0.0,0.0,0.0,1.111,0.609,0.39,0.0,0.827,0.857,0.0,0.599,0.966,1.446,0.0,0.985,0.0,0.0,0.0,0.0,1.072,1.291,0.864,0.0,1.48,0.649,0.0,0.2,1.591,2.386,1e-05,19,M,0.166,3
220,Víctor Aquino,Rionegro,1,0.188,0.375,0.312,19.71,0.696,0.0,0.353,0.373,0.86,0.586,0.406,0.2,0.699,0.977,0.439,0.317,0.286,0.2,0.0,0.811,0.562,0.0,0.0,4.5,0.684,0.703,0.346,0.0,0.854,0.931,0.982,0.169,0.391,0.621,1e-05,9,A,0.143,4
221,Iván Rivas,Rionegro,1,0.226,0.387,0.29,34.54,0.475,0.242,0.242,0.242,1.414,0.75,0.242,0.0,0.926,1.023,0.592,0.363,0.609,0.744,0.0,0.31,0.0,0.0,0.0,0.0,0.524,0.427,0.596,0.0,0.29,0.335,0.0,0.733,0.313,0.243,1e-05,14,M,0.169,4
222,Alexis Hinestroza,Rionegro,1,-0.574,0.277,0.511,23.006,0.0,0.0,0.0,0.0,0.614,0.356,0.457,0.0,1.545,0.862,0.144,0.334,0.914,1.04,0.0,2.21,0.0,0.0,0.0,0.0,0.911,1.043,4.293,0.0,2.844,1.098,0.41,0.185,1.99,2.468,1e-05,16,M,0.154,4
223,Camilo Ayala,Rionegro,1,0.242,0.364,0.242,21.236,0.0,0.0,0.0,0.0,0.555,0.235,0.456,0.169,1.415,0.937,0.169,0.567,1.22,1.375,0.0,1.717,0.0,0.0,1e-05,1e-05,0.681,0.382,1.492,2.6,2.194,0.822,0.0,0.305,2.438,2.575,1e-05,13,M,1.0,1
224,Humberto Osorio,Rionegro,1,0.7,0.4,0.1,22.531,0.0,0.0,0.0,0.0,0.49,0.4,0.4,0.0,0.98,1.0,0.3,0.0,0.458,0.64,0.0,0.344,0.0,0.0,0.0,0.0,0.312,0.289,0.867,0.0,0.525,0.578,0.232,0.0,0.306,0.722,1e-05,13,A,0.701,1
225,Carlos Andrés Ramírez,Rionegro,1,0.26,0.44,0.3,16.663,0.137,0.295,0.0,0.0,1.193,0.508,0.453,0.137,0.799,0.635,0.0,2.97,0.849,1.531,0.137,0.554,2.25,0.0,1e-05,1e-05,1.973,2.7,0.766,2.25,0.517,0.342,0.0,0.938,0.373,0.551,0.0,9,D,0.564,2
226,Jhonny Alexander Vásquez,Rionegro,1,0.042,0.375,0.292,34.492,0.0,0.2,0.0,0.0,0.577,0.276,0.576,0.2,1.825,1.207,0.276,0.829,0.799,1.079,0.0,0.955,0.0,0.0,1e-05,1e-05,0.624,0.382,2.77,2.6,1.381,0.94,1.3,0.305,1.0,1.57,1e-05,13,M,0.437,2
227,Omar Vásquez,Rionegro,1,-0.263,0.211,0.368,25.837,0.158,0.303,0.158,0.158,1.15,0.562,0.361,0.0,1.097,1.63,0.221,2.685,0.911,0.827,0.0,1.793,0.531,4.0,2.125,1.889,2.095,1.821,1.789,0.0,1.917,3.409,0.708,4.04,2.383,1.517,1e-05,17,AM,0.374,2
228,Edison Toloza,Rionegro,1,0.0,0.316,0.404,25.356,0.487,0.347,0.0,0.0,1.769,1.041,0.347,0.131,1.081,0.913,0.899,3.915,0.449,0.541,0.0,0.658,1.412,0.6,0.0,0.0,1.28,1.444,0.212,0.0,0.418,0.315,2.069,2.0,0.058,0.307,1e-05,18,AM,0.304,3
229,Daniel Lloreda,Rionegro,1,2.5,1.0,0.0,18.0,0.5,0.0,0.0,0.0,0.5,0.5,0.5,0.0,1.5,0.0,0.5,1.0,0.5,1.0,0.0,0.302,0.0,0.778,0.0,0.0,0.372,0.0,0.618,0.0,0.252,0.676,0.0,0.185,0.717,0.072,1e-05,21,M,0.208,3
230,Daniel Quiñones,Pasto,1,0.421,0.316,0.211,31.295,0.0,0.0,0.0,0.0,0.44,0.0,0.223,0.0,0.95,0.591,0.0,1.758,0.832,1.257,0.0,0.317,0.0,0.0,1e-05,1e-05,0.267,0.0,0.0,0.0,0.378,0.353,0.0,0.636,0.606,0.302,1e-05,8,D,0.501,1
231,David Alejandro Gómez,Pasto,1,0.158,0.316,0.158,6.538,0.0,0.218,0.0,0.0,0.943,0.433,0.49,0.0,1.005,0.889,0.0,2.844,0.735,0.865,0.0,1.467,0.0,1.75,1e-05,1e-05,2.136,1.842,1.69,0.0,1.336,1.951,0.0,3.204,0.742,0.926,1e-05,7,D,0.222,3
232,Yhormar Hurtado,Pasto,1,0.259,0.407,0.333,4.917,0.262,0.0,0.0,0.0,1.04,0.474,0.532,0.262,0.981,0.813,0.388,2.47,1.208,1.397,0.0,0.837,1.778,0.0,0.0,0.0,1.351,1.185,0.552,4.0,0.477,1.209,2.0,1.389,0.957,0.766,0.0,8,D,0.371,2
233,Juan Moreno,Pasto,1,0.8,0.6,0.4,26.081,0.0,0.0,0.0,0.0,0.8,0.4,0.4,0.0,0.8,0.8,0.0,1.855,0.632,0.0,0.0,0.381,0.84,0.0,0.0,0.0,0.711,0.977,0.0,0.0,0.216,0.506,0.7,0.0,0.127,0.0,0.0,21,DM,0.143,4
234,Jaime Giraldo,Pasto,1,0.0,0.375,0.5,32.802,0.0,0.0,0.0,0.0,0.707,0.484,0.242,0.0,1.495,0.464,0.0,1.458,1.218,1.536,0.0,0.659,0.0,1e-05,0.0,0.0,0.606,1.067,0.615,1e-05,1.038,0.232,0.0,0.896,1.095,0.851,0.0,8,D,0.138,4
235,Jerson Malagón,Pasto,1,-0.312,0.25,0.438,0.0,0.0,0.0,0.0,0.0,0.484,0.242,0.464,0.0,0.747,0.39,0.242,0.331,0.75,1.031,0.0,0.217,0.0,0.0,1e-05,1e-05,0.218,0.0,0.0,0.0,0.335,0.056,0.0,0.0,0.211,0.262,0.0,12,D,1.0,1
236,Jeison Medina,Pasto,1,-0.16,0.36,0.4,30.425,0.4,0.0,0.0,0.0,1.155,0.48,0.271,0.0,0.786,1.286,0.697,0.546,0.4,0.271,0.0,0.536,0.973,0.0,0.0,0.0,0.594,0.47,0.281,0.0,0.585,0.719,1.08,0.177,0.391,0.36,1e-05,9,A,0.522,2
237,Cristián Marcelo Álvarez,Pasto,1,0.296,0.444,0.296,28.97,0.314,0.262,0.0,0.0,1.165,0.687,0.355,0.189,0.816,1.177,0.262,1.925,0.786,0.355,0.0,0.831,1.556,1.217,0.0,0.0,1.265,1.896,0.724,3.5,0.607,1.143,1.167,1.413,0.879,0.276,1e-05,14,M,0.375,3
238,Feiver Mercado,Pasto,1,0.244,0.415,0.317,29.098,0.469,0.327,0.154,0.154,1.611,0.724,0.327,0.0,1.115,1.201,0.469,1.754,0.747,0.327,0.0,1.3,2.333,1.556,4.667,3.5,2.239,1.9,0.8,0.0,1.14,1.526,2.579,1.698,0.537,0.303,1e-05,14,AM,0.382,4
239,Ray Vanegas,Pasto,1,-0.208,0.333,0.417,22.61,0.471,0.276,0.0,0.0,1.201,0.764,0.373,0.2,1.353,0.912,0.764,1.594,0.576,0.52,0.0,1.105,1.953,1.5,0.0,0.0,1.458,1.593,1.254,0.0,2.155,1.42,4.755,1.489,0.968,0.754,1e-05,21,AM,0.434,2
240,Jown Cardona,Pasto,1,0.579,0.368,0.263,26.406,0.223,0.223,0.223,0.223,0.595,0.408,0.365,0.223,1.039,1.196,0.0,2.403,0.985,0.809,0.0,0.307,0.0,0.0,0.0,0.0,0.326,0.213,0.755,0.0,0.38,0.361,0.0,0.75,0.55,0.402,0.0,19,M,0.246,2
241,Franco Bolo,Pasto,1,1.333,0.667,0.333,27.805,0.373,0.373,0.0,0.0,1.7,1.106,0.373,0.0,0.687,0.745,0.373,1.155,0.471,0.373,0.0,0.437,0.0,0.0,0.0,0.0,0.716,0.695,0.0,0.0,0.65,0.811,0.0,0.393,0.396,0.403,1e-05,18,M,0.182,3
242,Daniel Alejandro Hernández,Pasto,1,-0.643,0.214,0.571,30.07,0.258,0.35,0.0,0.0,1.069,0.61,0.258,0.0,0.732,0.627,0.258,1.45,0.41,0.35,0.0,0.373,0.0,0.789,0.0,0.0,0.337,0.233,0.0,0.0,0.199,0.199,0.273,0.499,0.085,0.087,0.0,15,AM,0.156,3
243,Nicolás Carreño,Pasto,1,-1.667,0.333,0.667,31.281,0.0,0.0,0.0,0.0,0.745,0.0,0.0,0.0,1.106,1.067,0.0,0.471,0.745,1.795,0.0,0.237,0.0,0.0,0.0,0.0,0.537,0.0,0.0,0.0,0.153,0.346,0.0,0.117,0.202,0.424,0.0,9,D,0.15,3
244,Cristian Florez,Pasto,1,-0.286,0.314,0.514,10.307,0.28,0.232,0.0,0.0,0.956,0.377,0.4,0.167,1.156,0.69,0.318,2.402,0.854,1.556,0.0,1.138,3.5,0.0,1e-05,1e-05,2.8,1.75,0.854,0.0,1.414,0.86,2.1,1.0,1.238,1.322,0.0,7,D,0.164,4
245,Víctor Giraldo,Pasto,1,-0.032,0.323,0.387,35.16,0.0,0.177,0.0,0.0,0.59,0.177,0.467,0.0,1.07,1.05,0.0,1.881,1.008,1.088,0.0,0.93,0.0,0.0,1e-05,1e-05,0.667,0.5,1.304,0.0,0.909,0.886,0.0,2.564,0.833,0.73,1e-05,10,D,0.145,4
246,César Amaya,Pasto,1,-0.079,0.395,0.368,26.015,0.27,0.16,0.0,0.0,1.159,0.603,0.483,0.16,1.259,1.465,0.27,0.976,0.752,0.425,0.0,1.101,0.977,0.75,0.0,0.0,1.342,1.159,1.254,0.0,2.279,2.011,1.189,0.77,1.355,0.88,1e-05,21,AM,0.105,4
247,Dario Rodríguez Parra,Pasto,1,-0.625,0.125,0.5,2.315,0.0,0.0,0.0,0.331,0.927,0.331,0.331,0.0,0.707,1.798,0.484,0.331,0.661,0.661,0.0,0.602,0.0,0.0,0.0,1.8,0.348,0.148,0.295,0.0,0.209,0.667,0.9,0.049,0.153,0.149,1e-05,18,AM,0.772,1
248,Julián Guillermo,Pasto,1,-0.444,0.222,0.5,31.658,0.0,0.0,0.0,0.0,0.687,0.314,0.601,0.229,1.912,0.957,0.229,0.0,1.802,1.048,0.0,0.919,0.0,0.0,0.0,0.0,0.569,0.479,2.068,4.25,1.666,0.41,0.85,0.0,2.224,1.162,1e-05,17,M,0.517,1
249,Arnol Palacios,Pasto,1,-0.118,0.353,0.353,33.286,0.0,0.381,0.0,0.0,1.15,0.0,0.0,0.0,0.606,1.554,0.0,1.933,1.248,1.434,0.0,0.337,0.0,2.0,1e-05,1e-05,0.713,0.0,0.0,0.0,0.202,0.624,0.0,0.881,0.392,0.201,0.0,8,D,0.376,2
250,Luis Carlos Arias,Pasto,1,0.125,0.438,0.375,26.633,0.242,0.242,0.0,0.0,1.146,0.609,0.363,0.0,1.015,1.215,0.483,1.83,1.275,1.578,0.0,1.242,0.532,1.667,0.0,0.0,1.671,1.645,0.658,0.0,1.217,1.409,2.206,1.691,1.399,0.998,0.0,25,DM,0.335,2
251,Jimmy Valoyes,Pasto,1,-0.444,0.389,0.444,13.515,0.0,0.0,0.0,0.0,0.416,0.229,0.373,0.0,1.193,1.213,0.0,0.314,0.809,1.978,0.0,1.227,0.0,0.0,1e-05,1e-05,0.51,0.406,0.709,0.0,1.465,1.319,0.0,0.131,0.904,1.397,0.0,13,D,0.357,2
252,Michael Ortega,Pasto,1,-0.586,0.241,0.483,18.989,0.46,0.182,0.182,0.182,1.262,0.854,0.345,0.0,0.663,1.928,0.253,2.219,0.611,0.762,0.0,1.978,4.722,1.417,4.25,3.4,3.097,3.831,0.919,0.0,1.127,3.601,1.7,3.144,0.874,1.308,1e-05,17,M,0.265,3
253,Sebastián Villota,Pasto,1,-0.098,0.39,0.39,27.486,0.258,0.213,0.0,0.0,0.874,0.61,0.373,0.0,0.917,1.841,0.258,2.319,1.029,0.465,0.0,0.715,0.381,0.0,0.0,0.0,0.558,0.848,0.889,0.0,0.535,1.471,0.222,1.33,0.44,0.644,1e-05,16,AM,0.274,3
254,Yoiver González,Once Caldas,1,-0.062,0.375,0.438,27.826,0.0,0.0,0.0,0.0,0.527,0.0,0.331,0.242,0.791,0.829,0.242,0.331,0.682,1.58,0.0,1.075,0.0,0.0,1e-05,1e-05,0.393,0.0,0.727,4.0,1.231,0.941,1.0,0.086,0.989,1.343,1e-05,8,D,0.821,1
255,Juan David Pérez,Once Caldas,1,0.087,0.304,0.304,24.45,0.282,0.0,0.0,0.0,1.197,0.529,0.0,0.0,0.773,0.712,0.621,1.061,0.282,0.379,0.0,0.644,0.389,0.0,0.0,0.0,0.632,0.56,0.0,0.0,0.472,0.412,0.5,0.75,0.311,0.25,1e-05,7,A,0.496,2
256,Nicolás Giraldo,Once Caldas,1,0.312,0.312,0.188,33.712,0.0,0.242,0.0,0.0,0.496,0.242,0.331,0.0,0.829,0.857,0.0,2.603,1.073,1.436,0.0,0.317,0.0,0.0,1e-05,1e-05,0.267,0.0,0.0,0.0,0.378,0.353,0.0,0.636,0.606,0.302,1e-05,8,D,0.314,2
257,Santiago Roa,Once Caldas,1,-0.926,0.148,0.593,8.006,0.0,0.0,0.0,0.0,0.483,0.189,0.388,0.262,1.281,1.123,0.0,1.09,0.831,1.232,0.0,1.281,0.0,0.0,0.0,0.0,1.143,0.438,1.0,3.5,1.688,1.26,0.0,1.75,1.085,1.694,1e-05,7,D,0.198,4
258,Félix Micolta,Once Caldas,0,-1.0,0.0,1.0,9.809,0.0,0.0,0.0,0.0,0.0,0.0,0.0,0.0,0.471,0.0,0.0,0.0,0.0,0.0,0.0,0.411,1.077,0.0,0.0,0.0,0.359,0.894,0.7,0.0,0.311,0.188,0.0,0.241,0.386,0.662,28.0,28,DM,0.109,4
259,Sebastián Hernández,Once Caldas,1,0.027,0.324,0.297,29.929,0.27,0.0,0.0,0.0,0.915,0.468,0.27,0.0,0.714,0.712,0.16,1.743,0.716,0.91,0.0,1.124,0.609,0.0,0.0,0.0,0.705,0.308,0.718,0.0,0.902,0.577,0.378,1.448,0.956,0.863,1e-05,14,M,0.597,2
260,Lewis Ochoa,Once Caldas,1,0.2,0.3,0.3,31.651,0.0,0.3,0.0,0.0,0.3,0.0,0.0,0.0,1.3,0.98,0.806,2.326,0.8,1.345,0.0,0.499,0.0,1.286,1e-05,1e-05,0.176,0.0,0.0,0.0,0.521,0.537,3.0,1.185,0.286,0.371,0.0,9,D,0.487,2
261,Harlin Suárez,Once Caldas,1,-0.381,0.286,0.381,11.697,0.0,0.0,0.0,0.0,0.722,0.426,0.294,0.0,0.868,0.825,0.0,0.486,0.868,1.037,0.0,1.616,0.0,0.0,0.0,0.0,0.846,0.463,0.633,0.0,0.866,0.76,0.0,0.393,1.267,1.932,1e-05,18,M,0.326,3
262,Jean Carlos Blanco,Once Caldas,1,0.314,0.429,0.314,32.219,0.318,0.0,0.0,0.0,1.25,0.483,0.377,0.0,1.781,0.966,0.553,0.542,0.838,0.377,0.0,0.319,0.818,0.0,1e-05,1e-05,0.615,0.6,0.346,0.0,0.5,0.184,0.0,0.178,0.238,0.167,1e-05,18,M,0.259,4
263,Enrique Serje,Once Caldas,1,0.0,0.176,0.176,37.927,0.0,0.0,0.0,0.0,0.771,0.322,0.478,0.235,0.876,1.574,0.0,0.235,1.576,1.352,0.0,0.321,0.0,0.0,0.0,0.0,0.121,0.0,1.191,0.0,0.531,0.545,0.0,0.037,0.626,1.133,1e-05,14,M,0.229,4
264,Yesus Cabrera,Once Caldas,1,0.096,0.365,0.385,21.955,0.411,0.361,0.192,0.233,1.55,0.862,0.394,0.0,1.069,1.292,0.361,2.839,1.216,1.144,0.0,1.793,2.786,3.545,3.714,4.875,1.904,2.821,1.3,0.0,1.801,1.736,1.902,2.151,2.035,2.518,1e-05,13,M,0.493,2
265,Diego Peralta,Once Caldas,1,-0.318,0.273,0.5,6.903,0.208,0.0,0.0,0.0,1.013,0.538,0.492,0.287,1.024,0.582,0.208,0.0,1.165,2.194,0.0,0.782,1.143,0.0,1e-05,1e-05,0.909,0.593,1.171,2.0,0.844,0.483,0.0,0.0,1.082,1.306,1e-05,8,D,0.532,1
266,Yonni Hinestroza,Once Caldas,1,0.333,0.424,0.333,14.418,0.171,0.239,0.0,0.0,0.771,0.359,0.409,0.0,0.688,1.249,0.239,1.702,0.904,1.077,0.0,1.44,1.143,2.667,1e-05,1e-05,1.727,1.185,1.366,0.0,0.933,1.987,1.333,2.358,1.035,1.007,1e-05,8,D,0.489,1
267,Luis Alfredo Sierra,Once Caldas,1,0.381,0.429,0.381,29.67,0.0,0.0,0.0,0.0,0.393,0.0,0.452,0.0,0.898,0.547,0.0,0.213,1.075,0.583,0.0,0.519,0.0,0.0,0.0,0.0,0.186,0.0,1.3,0.0,0.791,0.196,0.0,0.032,0.791,0.586,1e-05,13,M,0.203,3
268,Ricardo Steer,Once Caldas,1,0.0,0.405,0.297,24.375,0.429,0.311,0.0,0.0,1.5,0.679,0.412,0.0,1.489,1.272,0.642,0.455,0.538,0.369,0.0,0.93,1.296,2.1,0.0,0.0,0.933,1.282,1.667,0.0,1.492,1.36,1.086,0.252,0.778,0.477,1e-05,7,A,0.219,3
269,Uvaldo Luna,Once Caldas,1,-0.111,0.259,0.37,21.083,0.509,0.258,0.0,0.0,1.614,0.673,0.258,0.0,0.618,0.871,0.44,3.317,0.186,0.467,0.0,1.104,3.719,0.0,0.0,0.0,1.997,1.67,0.596,0.0,0.469,0.918,1.417,2.783,0.079,0.316,1e-05,17,AM,0.179,3
270,Jáider Riquett,Alianza,1,-0.5,0.0,0.5,37.5,0.0,0.0,0.0,0.0,0.0,0.0,0.5,0.0,0.0,0.5,0.0,0.0,0.0,1.0,0.0,0.349,0.0,0.0,1e-05,1e-05,0.761,0.875,0.5,0.0,0.309,0.0,0.0,0.0,0.108,0.636,1e-05,7,D,0.53,1
271,Pablo Bueno,Alianza,1,-0.444,0.185,0.481,26.648,0.388,0.189,0.0,0.189,1.365,0.823,0.438,0.0,1.257,1.191,0.416,0.262,0.569,0.262,0.0,1.232,1.8,0.857,0.0,3.0,1.778,2.195,1.8,1e-05,1.955,1.62,0.828,0.052,0.894,0.4,0.0,6,A,0.337,2
272,Hanyer Mosquera,Alianza,1,-1.0,0.143,0.571,22.789,0.258,0.258,0.0,0.0,0.41,0.41,0.61,0.35,0.845,0.589,0.0,0.258,0.5,1.88,0.0,1.174,4.5,4.5,1e-05,1e-05,0.519,1.5,1.286,4.5,0.906,1.406,0.0,0.083,0.677,1.204,1e-05,9,D,0.156,4
273,Mateo Palacios,Alianza,1,-1.115,0.154,0.692,29.465,0.361,0.0,0.0,0.0,1.621,0.625,0.504,0.192,1.063,0.8,0.266,2.257,0.455,0.97,0.0,1.138,4.0,0.0,1e-05,1e-05,2.032,2.045,1.184,3.0,0.785,0.938,0.529,2.546,0.297,1.041,1e-05,9,AM,0.161,4
274,César Hinestroza,Alianza,1,-0.038,0.308,0.346,21.388,0.192,0.266,0.0,0.0,0.689,0.455,0.421,0.192,1.525,0.98,0.192,2.09,0.917,0.98,0.0,1.602,3.0,4.8,1e-05,1e-05,1.148,1.778,2.057,3.0,2.437,2.83,1.714,3.77,1.942,1.435,1e-05,12,D,1.0,1
275,Hayen Palacios,Alianza,1,0.25,0.5,0.5,20.364,0.433,0.0,0.0,0.0,0.5,0.433,0.0,0.0,0.829,1.299,0.0,0.433,0.0,0.0,0.0,0.282,0.0,0.0,0.0,0.0,0.251,0.286,0.295,0.0,0.424,0.412,0.0,0.276,0.359,0.213,1e-05,18,M,0.46,2
276,Julián Zea,Alianza,1,-0.5,0.0,0.5,30.0,0.0,0.0,0.0,0.0,0.0,0.0,0.0,0.5,0.5,0.5,0.0,0.5,0.0,0.5,0.0,0.359,1.0,0.812,0.0,0.0,0.591,0.707,0.224,0.0,0.545,0.393,1.368,0.583,0.399,0.057,1e-05,13,M,0.406,3
277,Henry Obando,Alianza,1,0.0,0.412,0.353,23.131,0.0,0.0,0.0,0.0,0.424,0.235,0.424,0.0,1.516,1.162,0.381,1.49,0.696,1.643,0.0,0.719,0.0,0.0,1e-05,1e-05,0.261,0.312,0.732,0.0,0.877,1.071,2.727,1.436,0.368,0.867,0.0,10,D,0.331,3
278,Romeesh Ivey,Alianza,1,0.308,0.385,0.231,29.823,0.266,0.0,0.0,0.0,1.35,1.136,0.0,0.0,0.634,1.25,0.266,1.73,0.606,1.066,0.0,0.75,0.727,0.0,0.0,0.0,0.893,1.554,0.0,0.0,0.261,0.706,0.343,0.772,0.324,1.029,1e-05,24,AM,0.278,3
279,José Erick Correa,Alianza,1,-0.143,0.286,0.429,36.86,0.258,0.0,0.0,0.0,1.552,0.41,0.0,0.0,0.958,0.589,0.904,0.41,0.452,0.0,0.0,0.32,0.357,0.0,0.0,0.0,0.471,0.363,0.0,0.0,0.419,0.185,1.552,0.089,0.276,0.0,1e-05,15,AM,0.339,3
280,Hárrison Henao,Alianza,1,0.28,0.44,0.32,33.114,0.0,0.0,0.0,0.0,0.743,0.266,0.266,0.0,0.948,0.796,0.0,0.423,0.689,1.372,0.0,0.733,0.0,0.0,0.0,0.0,0.379,0.479,0.23,0.0,0.343,0.365,0.0,0.124,0.238,1.235,1e-05,17,M,0.385,3
281,Harold Rivera,Alianza,1,-0.44,0.24,0.44,31.35,0.0,0.0,0.0,0.0,1.131,0.367,0.48,0.0,1.261,1.451,0.271,2.843,0.632,1.394,0.0,0.608,0.0,0.0,0.0,0.0,1.228,0.785,0.913,0.0,1.108,0.983,0.0,0.924,0.649,0.95,1e-05,28,DM,0.227,3
282,Yonatan Murillo,Boyacá Patriot,1,-0.182,0.091,0.273,5.175,0.0,0.287,0.0,0.0,0.481,0.0,0.287,0.0,1.128,0.953,0.0,0.0,1.135,1.076,0.0,0.852,0.0,1.75,1e-05,1e-05,0.549,0.0,0.438,1e-05,0.748,1.222,0.0,0.0,1.101,1.118,1e-05,7,D,0.938,1
283,Jorge Posada,Boyacá Patriot,1,-0.3,0.3,0.5,28.609,0.3,0.0,0.0,0.0,0.663,0.4,0.0,0.0,0.8,0.3,0.3,1.327,0.49,0.663,0.0,0.286,0.9,0.0,0.0,0.0,0.283,0.434,0.0,0.0,0.408,0.054,0.486,0.584,0.377,0.309,1e-05,18,DM,0.904,1
284,Edgardo Rito,Boyacá Patriot,0,-0.5,0.333,0.667,29.217,0.0,0.0,0.0,0.0,0.373,0.276,0.433,0.0,0.943,1.0,0.276,1.027,1.143,1.0,0.0,1.031,0.0,0.0,1e-05,1e-05,0.471,0.8,1.412,1e-05,0.736,1.315,4.0,1.707,1.053,0.696,0.0,8,D,0.737,2
285,Kevin Aladesanmi,Boyacá Patriot,1,-1.0,0.143,0.571,20.9,0.0,0.0,0.0,0.0,1.355,0.35,0.0,0.0,0.728,0.0,0.452,0.452,0.452,0.35,0.35,0.451,0.0,0.0,0.0,0.0,0.944,0.675,0.8,0.0,0.45,0.785,0.333,0.922,0.336,0.525,1e-05,14,AM,0.559,2
286,Michael Ordoñez,Boyacá Patriot,1,-0.385,0.154,0.538,19.148,0.0,0.0,0.0,0.0,1.099,0.836,0.361,0.0,0.555,0.625,0.266,2.371,1.167,0.863,0.0,1.001,0.0,0.0,0.0,0.0,0.865,1.391,0.727,1e-05,0.843,0.347,0.387,3.051,1.417,1.138,1e-05,12,M,0.407,3
287,Darwin López,Boyacá Patriot,1,-0.4,0.067,0.333,28.505,0.249,0.0,0.0,0.0,1.454,0.471,0.249,0.0,0.884,0.884,0.34,1.454,0.442,0.249,0.0,0.679,0.684,0.0,0.0,0.0,1.3,0.89,0.283,1e-05,0.507,0.801,0.703,1.107,0.477,0.135,0.0,13,AM,0.257,3
288,Hector Solano,Boyacá Patriot,1,-0.75,0.25,0.625,27.731,0.0,0.0,0.0,0.0,0.707,0.331,0.433,0.0,1.0,0.433,0.0,0.433,0.484,0.992,0.0,0.521,0.0,0.0,0.0,0.0,0.381,0.312,0.0,0.0,0.197,0.288,0.0,0.362,0.633,0.156,1e-05,10,M,0.204,4
289,Almir Soto,Boyacá Patriot,1,-0.083,0.25,0.333,30.092,0.276,0.0,0.0,0.0,0.64,0.373,0.433,0.0,1.572,0.471,0.0,0.433,1.599,0.862,0.0,0.621,0.727,0.0,1e-05,1e-05,0.567,0.395,0.229,0.0,0.733,0.266,0.0,0.099,0.981,0.861,1e-05,16,M,0.39,2
290,Óscar Iván Balanta,Boyacá Patriot,1,-0.682,0.182,0.545,16.554,0.0,0.0,0.0,0.0,0.445,0.208,0.343,0.0,0.651,0.905,0.0,0.343,0.996,0.849,0.0,1.789,0.0,0.0,0.0,0.0,0.565,0.354,0.829,0.0,0.51,1.508,0.0,0.15,1.726,1.472,1e-05,29,DM,0.381,3
291,Daniel Briceño,Boyacá Patriot,1,-1.5,0.0,1.0,20.0,0.0,0.0,0.0,0.0,0.5,0.0,1.0,0.5,1.0,0.0,0.0,0.0,0.5,1.0,0.0,0.57,0.0,3.5,1e-05,1e-05,0.56,0.875,0.512,0.0,0.655,0.368,1.4,2.13,0.726,0.524,7.0,7,D,0.211,3
292,Felipe Ávila,Boyacá Patriot,1,-0.273,0.318,0.364,27.469,0.0,0.0,0.0,0.0,1.124,0.386,0.287,0.0,1.099,0.582,0.208,0.967,2.231,0.762,0.0,1.131,0.0,0.0,0.0,0.0,1.56,0.917,0.506,0.0,0.946,0.582,0.344,1.158,2.505,1.187,1e-05,22,AM,0.906,1
293,Omar Sebastián Pérez,Boyacá Patriot,1,0.206,0.353,0.176,24.176,0.235,0.354,0.0,0.0,0.652,0.489,0.373,0.169,0.723,0.543,0.284,1.982,0.424,0.452,0.0,0.864,0.759,5.176,0.0,0.0,0.727,1.073,0.835,3.143,0.403,0.641,0.677,2.265,0.327,0.485,1e-05,22,AM,0.589,1
294,Diego Álvarez,Boyacá Patriot,1,-0.24,0.28,0.4,29.304,0.463,0.196,0.271,0.325,0.991,0.632,0.325,0.196,1.395,1.093,0.849,0.614,0.325,0.463,0.0,0.971,1.077,0.7,4.667,5.25,0.948,0.814,1.05,3.5,1.095,0.982,1.228,0.326,0.263,0.549,1e-05,7,A,0.53,2
295,Davinson Monsalve,Boyacá Patriot,1,-0.48,0.32,0.48,23.694,0.196,0.196,0.0,0.0,0.4,0.271,0.427,0.0,0.8,0.7,0.196,0.431,0.748,1.723,0.0,0.866,1.286,1.0,1e-05,1e-05,0.562,0.9,0.818,0.0,0.763,0.677,1.0,0.061,0.705,1.167,0.0,9,D,0.569,2
296,Esneyder Mena,Boyacá Patriot,1,0.2,0.2,0.2,11.775,0.0,0.0,0.0,0.0,0.49,0.4,0.4,0.0,0.98,0.0,0.4,0.8,0.4,0.8,0.0,0.214,0.0,0.0,0.0,0.0,0.19,0.348,0.289,0.0,0.182,0.177,0.0,0.0,0.532,0.09,1e-05,13,M,0.095,4
